CustomerID,Recency,Frequency,Monetary,R_Score,F_Score,M_Score,RFM_Score,Segment
134,1,1,10.5,4,1,1,411,Others
12346,74,1,77183.6,1,1,4,114,Others
12347,65,2,1187.18,2,3,4,234,Others
12348,67,2,1120.24,2,3,4,234,Others
12350,58,1,334.4,2,1,2,212,Others
12352,10,5,1561.81,4,4,4,444,Champions
12356,74,1,2271.62,1,1,4,114,Others
12359,53,2,2386.41,2,3,4,234,Others
12361,36,1,189.9,3,1,1,311,Others
12362,44,1,479.1,2,1,3,213,Others
12365,40,2,641.38,2,3,3,233,Others
12370,23,3,2806.41,3,4,4,344,Others
12372,45,1,399.22,2,1,2,212,Others
12373,60,1,364.6,2,1,2,212,Others
12377,63,2,1628.12,2,3,4,234,Others
12383,19,3,1608.95,3,4,4,344,Others
12386,86,2,401.9,1,3,2,132,Others
12388,23,3,766.25,3,4,3,343,Others
12393,78,2,639.5,1,3,3,133,Others
12395,9,4,1237.93,4,4,4,444,Champions
12399,10,1,288.05,4,1,2,412,Others
12401,52,1,84.3,2,1,1,211,Others
12402,72,1,225.6,1,1,2,112,Others
12407,13,1,226.3,4,1,2,412,Others
12408,8,2,837.59,4,3,3,433,Others
12410,57,2,693.3299999999999,2,3,3,233,Others
12413,85,1,479.25,1,1,3,113,Others
12414,58,1,153.76,2,1,1,211,Others
12415,30,4,37842.74,3,4,4,344,Others
12417,30,3,1024.78,3,4,4,344,Others
12421,67,1,157.45,2,1,1,211,Others
12422,73,1,238.5,1,1,2,112,Others
12423,12,3,777.59,4,4,3,443,Others
12427,120,1,303.5,1,1,2,112,Others
12428,2,5,5936.82,4,4,4,444,Champions
12429,114,1,1281.5,1,1,4,114,Others
12431,33,5,2211.28,3,4,4,344,Others
12433,114,2,3787.12,1,3,4,134,Others
12434,9,1,286.25,4,1,2,412,Others
12435,16,1,3978.9900000000002,3,1,4,314,Others
12437,16,5,1130.6699999999998,3,4,4,344,Others
12441,115,1,173.55,1,1,1,111,Others
12451,73,1,2919.5099999999998,1,1,4,114,Others
12455,43,2,1698.9,2,3,4,234,Others
12456,3,1,940.1700000000001,4,1,4,414,Others
12458,33,1,441.92,3,1,3,313,Others
12462,51,1,762.11,2,1,3,213,Others
12464,33,2,363.84999999999997,3,3,2,332,Others
12468,65,1,220.59,2,1,1,211,Others
12471,15,9,6841.83,3,4,4,344,Others
12472,16,3,3048.84,3,4,4,344,Others
12474,5,6,1951.05,4,4,4,444,Champions
12476,47,3,722.23,2,4,3,243,Others
12477,50,1,2355.9500000000003,2,1,4,214,Others
12480,16,2,1587.27,3,3,4,334,Others
12481,5,5,2226.77,4,4,4,444,Champions
12483,87,1,547.56,1,1,3,113,Others
12484,85,1,1138.67,1,1,4,114,Others
12489,85,1,334.93,1,1,2,112,Others
12490,78,1,864.22,1,1,3,113,Others
12494,44,3,312.55,2,4,2,242,Others
12500,15,4,1210.2,3,4,4,344,Others
12501,85,1,2169.39,1,1,4,114,Others
12502,17,2,1320.05,3,3,4,334,Others
12507,47,1,446.16,2,1,3,213,Others
12509,32,1,176.5,3,1,1,311,Others
12510,74,1,681.05,1,1,3,113,Others
12514,15,1,1017.68,3,1,4,314,Others
12515,101,1,383.7,1,1,2,112,Others
12520,8,2,1233.96,4,3,4,434,Others
12523,1,4,500.19,4,4,3,443,Others
12524,30,3,1338.17,3,4,4,344,Others
12527,43,2,284.92,2,3,2,232,Others
12528,25,2,771.66,3,3,3,333,Others
12530,85,1,387.40000000000003,1,1,2,112,Others
12539,10,3,4517.69,4,4,4,444,Champions
12540,8,4,3457.93,4,4,4,444,Champions
12541,29,1,312.4,3,1,2,312,Others
12545,8,1,628.15,4,1,3,413,Others
12547,29,1,159.4,3,1,1,311,Others
12551,106,1,168.0,1,1,1,111,Others
12553,8,4,1381.77,4,4,4,444,Champions
12557,4,3,4854.62,4,4,4,444,Champions
12559,59,2,561.71,2,3,3,233,Others
12561,51,1,238.85,2,1,2,212,Others
12564,9,1,456.9,4,1,3,413,Others
12565,37,1,145.92,2,1,1,211,Others
12567,57,3,3179.11,2,4,4,244,Others
12569,1,1,348.68,4,1,2,412,Others
12574,64,1,218.45,2,1,1,211,Others
12576,53,1,266.85,2,1,2,212,Others
12577,107,1,195.89,1,1,1,111,Others
12578,78,1,1608.66,1,1,4,114,Others
12582,37,1,205.16,2,1,1,211,Others
12583,22,4,2620.43,3,4,4,344,Others
12584,28,1,463.63,3,1,3,313,Others
12585,100,1,1262.85,1,1,4,114,Others
12591,65,1,452.84999999999997,2,1,3,213,Others
12594,5,4,922.5,4,4,4,444,Champions
12597,17,1,516.15,3,1,3,313,Others
12598,33,1,720.86,3,1,3,313,Others
12599,34,2,312.46000000000004,3,3,2,332,Others
12600,12,4,826.82,4,4,3,443,Others
12601,2,3,368.36,4,4,2,442,Others
12604,10,1,178.5,4,1,1,411,Others
12609,66,1,287.93,2,1,2,212,Others
12613,10,2,821.66,4,3,3,433,Others
12614,26,1,315.6,3,1,2,312,Others
12616,46,1,255.6,2,1,2,212,Others
12619,2,1,205.98,4,1,1,411,Others
12621,7,5,3878.89,4,4,4,444,Champions
12623,25,1,305.1,3,1,2,312,Others
12625,68,1,1716.62,2,1,4,214,Others
12626,65,2,1274.1,2,3,4,234,Others
12633,36,1,1012.82,3,1,4,314,Others
12637,12,3,1722.55,4,4,4,444,Champions
12643,81,1,871.1999999999999,1,1,3,113,Others
12645,65,1,369.29999999999995,2,1,2,212,Others
12647,15,5,1658.3,3,4,4,344,Others
12651,83,1,114.0,1,1,1,111,Others
12652,79,1,919.98,1,1,4,114,Others
12653,45,1,779.1,2,1,3,213,Others
12654,44,1,166.6,2,1,1,211,Others
12662,25,3,899.58,3,4,4,344,Others
12664,71,1,661.58,1,1,3,113,Others
12665,73,1,63.0,1,1,1,111,Others
12668,7,3,2924.4700000000003,4,4,4,444,Champions
12669,5,1,1136.3,4,1,4,414,Others
12672,78,1,225.89999999999998,1,1,2,112,Others
12673,75,1,220.9,1,1,1,111,Others
12676,9,2,707.4,4,3,3,433,Others
12678,2,4,3817.84,4,4,4,444,Champions
12679,32,1,794.06,3,1,3,313,Others
12681,11,9,6515.34,4,4,4,444,Champions
12682,19,6,3391.54,3,4,4,344,Others
12683,10,6,3403.3,4,4,4,444,Champions
12686,120,1,89.14,1,1,1,111,Others
12691,66,3,406.2,2,4,2,242,Others
12693,13,2,401.9,4,3,2,432,Others
12705,105,1,858.0,1,1,3,113,Others
12707,40,1,603.42,2,1,3,213,Others
12708,26,3,763.72,3,4,3,343,Others
12709,3,5,3613.79,4,4,4,444,Champions
12712,17,6,1555.43,3,4,4,344,Others
12714,43,1,968.3,2,1,4,214,Others
12720,10,5,1603.65,4,4,4,444,Champions
12721,52,2,741.62,2,3,3,233,Others
12724,80,1,154.9,1,1,1,111,Others
12725,119,1,427.8,1,1,3,113,Others
12726,12,3,887.88,4,4,3,443,Others
12727,30,4,2007.32,3,4,4,344,Others
12728,6,3,617.31,4,4,3,443,Others
12731,1,5,6848.79,4,4,4,444,Champions
12734,101,1,110.39999999999999,1,1,1,111,Others
12735,64,2,779.5699999999999,2,3,3,233,Others
12736,81,1,234.0,1,1,2,112,Others
12738,120,1,155.35,1,1,1,111,Others
12744,67,1,2053.07,2,1,4,214,Others
12747,31,4,1320.09,3,4,4,344,Others
12748,1,58,6241.41,4,4,4,444,Champions
12753,30,3,9341.13,3,4,4,344,Others
12754,26,2,61.62,3,3,1,331,Others
12755,29,2,3811.95,3,3,4,334,Others
12758,25,1,1570.19,3,1,4,314,Others
12759,24,1,444.8,3,1,3,313,Others
12763,117,1,320.08,1,1,2,112,Others
12764,65,1,1693.88,2,1,4,214,Others
12766,40,3,2809.42,2,4,4,244,Others
12775,11,2,450.16,4,3,3,433,Others
12778,7,3,408.06,4,4,3,443,Others
12779,18,4,1516.36,3,4,4,344,Others
12781,33,1,549.26,3,1,3,313,Others
12782,2,3,1562.95,4,4,4,444,Champions
12785,113,1,311.95,1,1,2,112,Others
12791,122,1,192.60000000000002,1,1,1,111,Others
12792,5,1,400.53999999999996,4,1,2,412,Others
12793,83,2,545.48,1,3,3,133,Others
12797,114,1,254.03,1,1,2,112,Others
12808,117,1,129.4,1,1,1,111,Others
12811,9,3,514.85,4,4,3,443,Others
12817,29,1,166.04,3,1,1,311,Others
12818,10,1,1542.08,4,1,4,414,Others
12820,75,1,170.46,1,1,1,111,Others
12823,3,3,994.5,4,4,4,444,Champions
12826,65,3,697.1,2,4,3,243,Others
12829,85,2,293.0,1,3,2,132,Others
12831,11,1,215.05,4,1,1,411,Others
12834,31,1,312.38,3,1,2,312,Others
12836,60,1,846.69,2,1,3,213,Others
12838,122,1,390.79,1,1,2,112,Others
12839,36,3,1089.01,3,4,4,344,Others
12841,6,10,1682.82,4,4,4,444,Champions
12842,57,1,310.73,2,1,2,212,Others
12843,12,1,93.4,4,1,1,411,Others
12845,16,4,354.09,3,4,2,342,Others
12849,17,1,704.5,3,1,3,313,Others
12852,43,1,311.55,2,1,2,212,Others
12853,64,1,427.40000000000003,2,1,3,213,Others
12854,67,1,389.90000000000003,2,1,2,212,Others
12855,121,1,38.1,1,1,1,111,Others
12857,51,1,801.6,2,1,3,213,Others
12866,32,1,559.12,3,1,3,313,Others
12867,11,3,1287.29,4,4,4,444,Champions
12868,17,4,921.48,3,4,4,344,Others
12872,75,2,599.97,1,3,3,133,Others
12873,30,1,374.0,3,1,2,312,Others
12875,111,1,293.76000000000005,1,1,2,112,Others
12877,1,5,499.72,4,4,3,443,Others
12878,15,1,315.18,3,1,2,312,Others
12881,24,1,298.0,3,1,2,312,Others
12888,3,1,272.76,4,1,2,412,Others
12891,41,1,42.0,2,1,1,211,Others
12897,50,1,128.8,2,1,1,211,Others
12901,8,3,3190.92,4,4,4,444,Champions
12902,13,1,138.68,4,1,1,411,Others
12908,61,1,318.0,2,1,2,212,Others
12909,2,2,903.45,4,3,4,434,Others
12913,31,3,866.39,3,4,3,343,Others
12915,121,1,199.65,1,1,1,111,Others
12916,6,2,1497.63,4,3,4,434,Others
12921,13,9,4237.25,4,4,4,444,Champions
12924,24,2,287.99,3,3,2,332,Others
12928,107,1,392.34000000000003,1,1,2,112,Others
12929,60,1,117.85,2,1,1,211,Others
12931,18,4,1935.9,3,4,4,344,Others
12933,32,1,110.75,3,1,1,311,Others
12935,68,1,431.63,2,1,3,213,Others
12937,16,1,217.43,3,1,1,311,Others
12939,21,3,7228.32,3,4,4,344,Others
12942,114,1,258.75,1,1,2,112,Others
12944,103,1,286.95,1,1,2,112,Others
12945,37,1,462.95,2,1,3,213,Others
12947,85,2,605.7,1,3,3,133,Others
12948,9,2,528.96,4,3,3,433,Others
12949,1,1,1534.3,4,1,4,414,Others
12951,68,2,306.09000000000003,2,3,2,232,Others
12955,16,1,473.82,3,1,3,313,Others
12956,54,1,108.07,2,1,1,211,Others
12957,4,2,744.1899999999999,4,3,3,433,Others
12963,114,1,365.8,1,1,2,112,Others
12967,106,2,1660.9,1,3,4,134,Others
12970,70,2,23.8,2,3,1,231,Others
12971,3,27,2834.01,4,4,4,444,Champions
12980,31,5,3673.7400000000002,3,4,4,344,Others
12988,40,1,535.32,2,1,3,213,Others
12989,16,4,2351.5,3,4,4,344,Others
12990,58,1,97.5,2,1,1,211,Others
12993,46,1,102.89999999999999,2,1,1,211,Others
12994,17,1,352.6,3,1,2,312,Others
12997,65,1,305.55,2,1,2,212,Others
13000,8,2,458.53000000000003,4,3,3,433,Others
13001,2,7,5443.320000000001,4,4,4,444,Champions
13002,66,1,120.94999999999999,2,1,1,211,Others
13004,33,5,1592.04,3,4,4,344,Others
13008,71,1,229.46999999999997,1,1,2,112,Others
13011,120,1,50.550000000000004,1,1,1,111,Others
13012,43,1,377.27000000000004,2,1,2,212,Others
13013,120,2,1528.34,1,3,4,134,Others
13014,11,2,833.18,4,3,3,433,Others
13018,12,3,975.0500000000001,4,4,4,444,Champions
13021,12,2,416.70000000000005,4,3,3,433,Others
13026,24,1,84.36,3,1,1,311,Others
13027,17,2,1824.0,3,3,4,334,Others
13029,102,1,382.5,1,1,2,112,Others
13030,116,1,427.74,1,1,3,113,Others
13033,105,1,190.55,1,1,1,111,Others
13034,117,1,165.86,1,1,1,111,Others
13035,9,1,333.0,4,1,2,412,Others
13037,4,1,250.42000000000002,4,1,2,412,Others
13038,39,1,395.1,2,1,2,212,Others
13043,21,1,516.42,3,1,3,313,Others
13044,39,1,560.47,2,1,3,213,Others
13046,14,1,197.72,3,1,1,311,Others
13047,3,5,1252.68,4,4,4,444,Champions
13048,75,1,477.61,1,1,3,113,Others
13049,66,1,153.78,2,1,1,211,Others
13050,10,8,2530.88,4,4,4,444,Champions
13060,2,1,307.53,4,1,2,412,Others
13064,76,1,203.3,1,1,1,111,Others
13065,121,1,205.86,1,1,1,111,Others
13068,68,1,165.0,2,1,1,211,Others
13069,9,7,1514.07,4,4,4,444,Champions
13072,15,1,177.15,3,1,1,311,Others
13077,38,3,577.44,2,4,3,243,Others
13078,3,7,3223.83,4,4,4,444,Champions
13081,11,6,9807.66,4,4,4,444,Champions
13082,3,3,1085.94,4,4,4,444,Champions
13085,44,1,278.1,2,1,2,212,Others
13089,2,30,20015.43,4,4,4,444,Champions
13090,15,6,2351.5,3,4,4,344,Others
13092,25,2,295.65,3,3,2,332,Others
13093,24,8,7832.47,3,4,4,344,Others
13094,31,5,528.96,3,4,3,343,Others
13097,8,4,2543.32,4,4,4,444,Champions
13098,22,3,1242.8,3,4,4,344,Others
13102,12,10,2557.88,4,4,4,444,Champions
13104,16,2,213.72,3,3,1,331,Others
13107,82,1,566.84,1,1,3,113,Others
13108,121,1,350.06,1,1,2,112,Others
13110,5,3,732.49,4,4,3,443,Others
13113,3,8,3780.91,4,4,4,444,Champions
13117,26,4,590.53,3,4,3,343,Others
13118,1,2,614.48,4,3,3,433,Others
13121,17,1,283.73,3,1,2,312,Others
13124,107,1,1256.32,1,1,4,114,Others
13126,1,5,1077.42,4,4,4,444,Champions
13132,10,1,77.3,4,1,1,411,Others
13133,22,2,109.8,3,3,1,331,Others
13137,1,2,863.84,4,3,3,433,Others
13138,120,1,193.23,1,1,1,111,Others
13139,8,1,409.5,4,1,3,413,Others
13140,114,1,159.51,1,1,1,111,Others
13141,63,2,524.57,2,3,3,233,Others
13144,81,1,110.95,1,1,1,111,Others
13145,120,1,295.0,1,1,2,112,Others
13148,10,5,1456.75,4,4,4,444,Champions
13149,38,1,376.74,2,1,2,212,Others
13151,44,1,1257.8700000000001,2,1,4,214,Others
13155,75,2,569.2,1,3,3,133,Others
13157,47,1,197.82,2,1,1,211,Others
13158,67,1,256.40999999999997,2,1,2,212,Others
13161,62,1,112.75,2,1,1,211,Others
13162,83,1,753.26,1,1,3,113,Others
13165,100,1,354.64,1,1,2,112,Others
13166,31,1,417.2,3,1,3,313,Others
13168,40,2,841.23,2,3,3,233,Others
13171,48,1,140.35,2,1,1,211,Others
13173,115,1,165.94,1,1,1,111,Others
13174,64,2,2108.27,2,3,4,234,Others
13178,44,2,1124.0,2,3,4,234,Others
13183,9,2,1138.88,4,3,4,434,Others
13184,1,2,329.92,4,3,2,432,Others
13185,16,1,71.4,3,1,1,311,Others
13187,85,1,236.02,1,1,2,112,Others
13196,10,1,512.13,4,1,3,413,Others
13198,67,2,1184.74,2,3,4,234,Others
13199,16,10,2555.8,3,4,4,344,Others
13208,57,1,168.45,2,1,1,211,Others
13209,74,2,430.2,1,3,3,133,Others
13211,109,1,110.7,1,1,1,111,Others
13216,16,1,333.74,3,1,2,312,Others
13221,108,1,498.16,1,1,3,113,Others
13225,19,3,3204.88,3,4,4,344,Others
13226,21,1,108.21000000000001,3,1,1,311,Others
13230,30,5,811.65,3,4,3,343,Others
13233,84,1,304.24,1,1,2,112,Others
13238,108,1,91.15,1,1,1,111,Others
13239,10,1,329.56,4,1,2,412,Others
13240,5,2,442.41,4,3,3,433,Others
13246,41,3,1083.56,2,4,4,244,Others
13249,9,1,291.84000000000003,4,1,2,412,Others
13253,87,1,476.48,1,1,3,113,Others
13255,122,1,225.7,1,1,2,112,Others
13261,17,2,944.1,3,3,4,334,Others
13262,11,1,200.29,4,1,1,411,Others
13263,3,5,1338.15,4,4,4,444,Champions
13265,22,1,307.44,3,1,2,312,Others
13266,5,1,302.21999999999997,4,1,2,412,Others
13267,10,7,1567.04,4,4,4,444,Champions
13268,2,2,1110.99,4,3,4,434,Others
13269,109,2,662.1700000000001,1,3,3,133,Others
13270,114,1,590.0,1,1,3,113,Others
13280,64,2,699.36,2,3,3,233,Others
13284,79,1,201.19,1,1,1,111,Others
13285,38,1,666.89,2,1,3,213,Others
13292,32,1,249.57,3,1,2,312,Others
13295,108,1,201.20000000000002,1,1,1,111,Others
13299,17,1,142.5,3,1,1,311,Others
13301,41,1,173.91,2,1,1,211,Others
13304,99,1,300.42,1,1,2,112,Others
13305,21,3,445.5,3,4,3,343,Others
13309,57,1,390.71,2,1,2,212,Others
13310,72,1,410.18,1,1,3,113,Others
13313,88,1,307.3,1,1,2,112,Others
13316,3,1,1622.48,4,1,4,414,Others
13317,107,2,238.05,1,3,2,132,Others
13319,19,9,3195.08,3,4,4,344,Others
13324,61,2,1110.6,2,3,4,234,Others
13327,8,4,1421.95,4,4,4,444,Champions
13328,64,1,1308.48,2,1,4,214,Others
13329,115,1,304.2,1,1,2,112,Others
13330,64,1,335.82,2,1,2,212,Others
13334,54,1,1660.44,2,1,4,214,Others
13340,25,1,3678.03,3,1,4,314,Others
13341,9,1,775.85,4,1,3,413,Others
13344,26,1,1656.15,3,1,4,314,Others
13345,36,1,389.5,3,1,2,312,Others
13357,6,1,609.95,4,1,3,413,Others
13358,17,1,439.03,3,1,3,313,Others
13362,36,1,812.7,3,1,3,313,Others
13368,5,2,623.4,4,3,3,433,Others
13369,114,1,308.28000000000003,1,1,2,112,Others
13370,120,1,754.87,1,1,3,113,Others
13373,24,1,987.7,3,1,4,314,Others
13381,47,1,416.11,2,1,3,213,Others
13382,29,1,222.99,3,1,2,312,Others
13385,78,1,534.57,1,1,3,113,Others
13394,15,2,634.1800000000001,3,3,3,333,Others
13396,68,1,387.27000000000004,2,1,2,212,Others
13397,43,2,601.77,2,3,3,233,Others
13402,120,1,308.28000000000003,1,1,2,112,Others
13405,66,1,160.05,2,1,1,211,Others
13408,5,13,7155.6900000000005,4,4,4,444,Champions
13410,11,2,404.64,4,3,2,432,Others
13414,45,1,390.0,2,1,2,212,Others
13418,1,6,1701.92,4,4,4,444,Champions
13421,38,1,825.04,2,1,3,213,Others
13425,43,1,401.57,2,1,2,212,Others
13426,2,3,945.82,4,4,4,444,Champions
13439,3,1,283.71,4,1,2,412,Others
13448,112,3,829.5400000000001,1,4,3,143,Others
13451,17,2,1012.37,3,3,4,334,Others
13452,8,2,590.0,4,3,3,433,Others
13453,38,1,185.0,2,1,1,211,Others
13455,115,1,692.94,1,1,3,113,Others
13458,36,4,4170.82,3,4,4,344,Others
13462,1,1,151.5,4,1,1,411,Others
13468,1,15,2597.2400000000002,4,4,4,444,Champions
13473,81,1,241.26,1,1,2,112,Others
13475,10,2,906.52,4,3,4,434,Others
13476,29,1,727.6,3,1,3,313,Others
13477,40,1,185.39999999999998,2,1,1,211,Others
13481,5,1,665.28,4,1,3,413,Others
13487,101,1,193.15,1,1,1,111,Others
13488,9,4,4109.71,4,4,4,444,Champions
13489,38,2,235.68,2,3,2,232,Others
13491,12,7,894.71,4,4,4,444,Champions
13493,23,2,618.63,3,3,3,333,Others
13494,60,1,316.26000000000005,2,1,2,212,Others
13495,108,2,865.4300000000001,1,3,3,133,Others
13496,108,1,501.01,1,1,3,113,Others
13497,31,2,348.05,3,3,2,332,Others
13499,18,1,158.23000000000002,3,1,1,311,Others
13501,36,1,1340.32,3,1,4,314,Others
13502,23,2,189.16,3,3,1,331,Others
13506,65,2,458.52,2,3,3,233,Others
13509,3,3,650.02,4,4,3,443,Others
13512,9,1,251.21,4,1,2,412,Others
13520,8,3,1479.3,4,4,4,444,Champions
13523,114,1,566.95,1,1,3,113,Others
13527,75,1,110.45,1,1,1,111,Others
13531,114,1,305.45,1,1,2,112,Others
13533,16,2,146.64,3,3,1,331,Others
13534,9,10,1544.05,4,4,4,444,Champions
13538,23,2,504.3,3,3,3,333,Others
13539,57,1,164.1,2,1,1,211,Others
13551,67,1,91.80000000000001,2,1,1,211,Others
13552,5,3,782.75,4,4,3,443,Others
13557,29,1,240.68,3,1,2,312,Others
13564,102,2,1198.38,1,3,4,134,Others
13565,82,1,110.17999999999999,1,1,1,111,Others
13569,116,1,118.32,1,1,1,111,Others
13571,2,1,145.27,4,1,1,411,Others
13573,1,1,31.770000000000003,4,1,1,411,Others
13576,10,5,2017.28,4,4,4,444,Champions
13579,117,1,164.70000000000002,1,1,1,111,Others
13581,57,1,118.0,2,1,1,211,Others
13584,55,1,142.4,2,1,1,211,Others
13588,3,1,113.30000000000001,4,1,1,411,Others
13590,52,1,309.06,2,1,2,212,Others
13591,15,1,462.2,3,1,3,313,Others
13592,13,1,76.72,4,1,1,411,Others
13593,12,3,1022.95,4,4,4,444,Champions
13599,31,4,1302.55,3,4,4,344,Others
13600,60,1,219.52,2,1,1,211,Others
13606,60,1,70.02,2,1,1,211,Others
13610,33,1,239.17000000000002,3,1,2,312,Others
13611,108,1,303.15000000000003,1,1,2,112,Others
13614,79,1,205.75,1,1,1,111,Others
13615,67,1,417.69,2,1,3,213,Others
13623,16,2,257.34999999999997,3,3,2,332,Others
13626,1,1,257.23,4,1,2,412,Others
13627,106,1,311.19,1,1,2,112,Others
13629,59,2,1425.0,2,3,4,234,Others
13630,34,1,299.14,3,1,2,312,Others
13631,15,1,80.0,3,1,1,311,Others
13634,75,1,362.0,1,1,2,112,Others
13636,1,3,541.45,4,4,3,443,Others
13649,5,2,346.6,4,3,2,432,Others
13650,16,1,372.12,3,1,2,312,Others
13652,5,2,638.24,4,3,3,433,Others
13654,22,1,312.93,3,1,2,312,Others
13656,85,1,162.70000000000002,1,1,1,111,Others
13659,69,1,1045.4,2,1,4,214,Others
13662,8,1,227.70000000000002,4,1,2,412,Others
13666,36,2,64.05,3,3,1,331,Others
13668,6,6,2234.51,4,4,4,444,Champions
13672,50,2,186.39000000000001,2,3,1,231,Others
13675,33,1,308.44,3,1,2,312,Others
13680,86,2,2391.59,1,3,4,134,Others
13684,34,1,67.23,3,1,1,311,Others
13694,1,16,20020.76,4,4,4,444,Champions
13695,8,1,83.14,4,1,1,411,Others
13700,20,3,457.05,3,4,3,343,Others
13703,67,1,99.5,2,1,1,211,Others
13705,122,1,318.14,1,1,2,112,Others
13706,51,1,330.79,2,1,2,212,Others
13707,15,2,806.41,3,3,3,333,Others
13708,20,1,296.88,3,1,2,312,Others
13709,63,1,474.7,2,1,3,213,Others
13715,29,5,1079.34,3,4,4,344,Others
13716,18,1,138.28,3,1,1,311,Others
13717,47,1,298.05,2,1,2,212,Others
13718,44,1,114.05000000000001,2,1,1,211,Others
13720,3,1,266.2,4,1,2,412,Others
13722,31,1,1463.47,3,1,4,314,Others
13725,13,5,1598.8,4,4,4,444,Champions
13728,3,2,341.58,4,3,2,432,Others
13736,9,1,357.53,4,1,2,412,Others
13742,36,3,1171.33,3,4,4,344,Others
13743,7,1,141.72,4,1,1,411,Others
13744,41,1,893.16,2,1,3,213,Others
13747,122,1,79.6,1,1,1,111,Others
13748,122,1,204.0,1,1,1,111,Others
13750,45,2,688.8000000000001,2,3,3,233,Others
13751,36,1,296.25,3,1,2,312,Others
13753,36,1,741.26,3,1,3,313,Others
13754,65,1,156.0,2,1,1,211,Others
13756,107,3,1004.4000000000001,1,4,4,144,Others
13758,1,4,1458.15,4,4,4,444,Champions
13760,5,1,135.09,4,1,1,411,Others
13764,85,1,499.89,1,1,3,113,Others
13767,34,11,4143.82,3,4,4,344,Others
13769,4,3,927.07,4,4,4,444,Champions
13777,3,17,9323.55,4,4,4,444,Champions
13782,76,1,191.94,1,1,1,111,Others
13784,30,4,426.39,3,4,3,343,Others
13786,116,1,230.39999999999998,1,1,2,112,Others
13787,112,1,106.4,1,1,1,111,Others
13792,36,1,74.60000000000001,3,1,1,311,Others
13798,3,17,14454.84,4,4,4,444,Champions
13799,43,1,341.7,2,1,2,212,Others
13800,58,1,558.32,2,1,3,213,Others
13802,3,2,3131.06,4,3,4,434,Others
13803,4,1,277.07,4,1,2,412,Others
13804,38,1,723.63,2,1,3,213,Others
13807,115,1,112.6,1,1,1,111,Others
13809,54,1,155.05,2,1,1,211,Others
13815,67,1,1012.01,2,1,4,214,Others
13817,100,1,128.7,1,1,1,111,Others
13819,50,3,1140.35,2,4,4,244,Others
13821,10,1,270.15,4,1,2,412,Others
13824,59,1,442.88,2,1,3,213,Others
13831,118,1,408.0,1,1,2,112,Others
13837,66,1,113.7,2,1,1,211,Others
13838,118,1,238.11,1,1,2,112,Others
13841,1,1,85.0,4,1,1,411,Others
13842,22,4,1218.6,3,4,4,344,Others
13846,108,1,411.4,1,1,3,113,Others
13848,46,2,935.0,2,3,4,234,Others
13851,36,1,246.32,3,1,2,312,Others
13854,12,10,3196.38,4,4,4,444,Champions
13859,74,1,201.16,1,1,1,111,Others
13862,39,2,678.85,2,3,3,233,Others
13865,38,1,123.30000000000001,2,1,1,211,Others
13869,11,3,1584.96,4,4,4,444,Champions
13870,36,1,544.03,3,1,3,313,Others
13871,9,3,1254.9,4,4,4,444,Champions
13873,58,1,121.45,2,1,1,211,Others
13874,106,1,540.45,1,1,3,113,Others
13875,6,2,683.6800000000001,4,3,3,433,Others
13880,32,3,508.1,3,4,3,343,Others
13881,26,2,1699.24,3,3,4,334,Others
13883,1,1,980.41,4,1,4,414,Others
13884,26,3,196.25,3,4,1,341,Others
13890,107,1,190.35,1,1,1,111,Others
13893,46,1,821.1,2,1,3,213,Others
13894,59,1,160.85,2,1,1,211,Others
13898,74,1,155.93,1,1,1,111,Others
13899,23,1,298.5,3,1,2,312,Others
13900,11,1,357.58000000000004,4,1,2,412,Others
13901,4,2,648.3,4,3,3,433,Others
13904,43,1,201.12,2,1,1,211,Others
13908,25,1,496.0,3,1,3,313,Others
13911,13,3,841.55,4,4,3,443,Others
13918,1,1,198.2,4,1,1,411,Others
13922,100,1,172.25,1,1,1,111,Others
13929,74,1,412.85,1,1,3,113,Others
13931,29,1,378.21000000000004,3,1,2,312,Others
13932,43,1,307.4,2,1,2,212,Others
13934,12,1,922.1,4,1,4,414,Others
13939,60,1,184.5,2,1,1,211,Others
13941,46,2,2118.96,2,3,4,234,Others
13946,16,1,209.85,3,1,1,311,Others
13948,109,1,102.0,1,1,1,111,Others
13951,42,1,212.56,2,1,1,211,Others
13953,23,2,1000.0,3,3,4,334,Others
13955,54,1,205.1,2,1,1,211,Others
13956,20,1,119.72,3,1,1,311,Others
13959,29,2,337.44,3,3,2,332,Others
13963,56,4,664.54,2,4,3,243,Others
13969,15,3,808.38,3,4,3,343,Others
13971,18,2,642.8199999999999,3,3,3,333,Others
13973,35,1,264.7,3,1,2,312,Others
13975,25,1,678.76,3,1,3,313,Others
13982,75,2,903.8,1,3,4,134,Others
13983,17,5,1239.94,3,4,4,344,Others
13984,74,2,284.75,1,3,2,132,Others
13985,13,1,393.0,4,1,2,412,Others
13988,3,1,631.06,4,1,3,413,Others
13993,38,2,822.85,2,3,3,233,Others
13999,3,3,911.1800000000001,4,4,4,444,Champions
14001,122,1,301.24,1,1,2,112,Others
14004,37,1,900.02,2,1,4,214,Others
14006,60,1,304.44,2,1,2,212,Others
14012,26,1,328.8,3,1,2,312,Others
14013,24,1,118.5,3,1,1,311,Others
14016,18,2,2231.2999999999997,3,3,4,334,Others
14021,4,1,198.89999999999998,4,1,1,411,Others
14030,53,3,983.73,2,4,4,244,Others
14031,1,7,5696.59,4,4,4,444,Champions
14032,24,3,929.06,3,4,4,344,Others
14035,16,2,700.58,3,3,3,333,Others
14036,33,1,626.65,3,1,3,313,Others
14037,113,1,111.8,1,1,1,111,Others
14040,62,3,914.05,2,4,4,244,Others
14041,15,1,141.41,3,1,1,311,Others
14044,58,1,173.74,2,1,1,211,Others
14045,86,3,1251.75,1,4,4,144,Others
14046,32,1,154.99,3,1,1,311,Others
14047,85,2,296.22,1,3,2,132,Others
14048,53,1,409.93,2,1,3,213,Others
14049,66,1,1031.83,2,1,4,214,Others
14051,10,7,4031.46,4,4,4,444,Champions
14056,1,5,1558.42,4,4,4,444,Champions
14057,29,5,1943.03,3,4,4,344,Others
14059,15,1,183.6,3,1,1,311,Others
14060,19,7,2071.46,3,4,4,344,Others
14062,72,4,3096.39,1,4,4,144,Others
14064,2,2,560.4999999999999,4,3,3,433,Others
14066,15,1,152.55,3,1,1,311,Others
14068,68,1,265.85,2,1,2,212,Others
14071,9,2,356.81,4,3,2,432,Others
14075,9,1,307.92,4,1,2,412,Others
14077,22,1,117.11,3,1,1,311,Others
14078,33,2,306.28999999999996,3,3,2,332,Others
14081,50,2,934.52,2,3,4,234,Others
14082,113,1,182.25,1,1,1,111,Others
14083,22,4,474.29,3,4,3,343,Others
14085,8,9,2500.91,4,4,4,444,Champions
14088,71,1,7544.91,1,1,4,114,Others
14090,73,1,76.32000000000001,1,1,1,111,Others
14092,18,4,1158.43,3,4,4,344,Others
14099,3,4,1062.8600000000001,4,4,4,444,Champions
14101,13,3,3068.63,4,4,4,444,Champions
14107,8,3,1175.27,4,4,4,444,Champions
14110,15,1,904.26,3,1,4,314,Others
14112,24,1,617.1,3,1,3,313,Others
14113,103,1,433.5,1,1,3,113,Others
14114,22,2,386.53,3,3,2,332,Others
14127,5,2,452.23,4,3,3,433,Others
14128,4,1,305.54,4,1,2,412,Others
14129,9,1,358.90000000000003,4,1,2,412,Others
14130,67,1,483.86,2,1,3,213,Others
14133,64,1,318.0,2,1,2,212,Others
14135,75,7,1811.91,1,4,4,144,Others
14142,121,1,311.81,1,1,2,112,Others
14146,3,2,1903.73,4,3,4,434,Others
14147,34,1,182.8,3,1,1,311,Others
14150,108,1,306.18,1,1,2,112,Others
14155,15,1,118.75,3,1,1,311,Others
14156,17,13,35496.87,3,4,4,344,Others
14157,34,1,277.17,3,1,2,312,Others
14159,5,2,652.09,4,3,3,433,Others
14161,27,2,546.19,3,3,3,333,Others
14162,41,1,177.68,2,1,1,211,Others
14165,24,1,122.53999999999999,3,1,1,311,Others
14167,11,2,259.0,4,3,2,432,Others
14175,78,1,322.58,1,1,2,112,Others
14176,46,4,576.9000000000001,2,4,3,243,Others
14180,3,12,2707.82,4,4,4,444,Champions
14185,80,1,197.65,1,1,1,111,Others
14188,59,1,398.0,2,1,2,212,Others
14189,3,5,1479.59,4,4,4,444,Champions
14193,18,1,422.53999999999996,3,1,3,313,Others
14194,15,3,1579.42,3,4,4,344,Others
14201,108,1,67.24000000000001,1,1,1,111,Others
14205,12,1,222.9,4,1,1,411,Others
14209,8,2,768.5500000000001,4,3,3,433,Others
14210,45,3,977.3900000000001,2,4,4,244,Others
14211,33,2,465.1,3,3,3,333,Others
14214,26,1,638.65,3,1,3,313,Others
14215,63,3,922.11,2,4,4,244,Others
14217,13,5,508.85,4,4,3,443,Others
14220,106,1,312.98,1,1,2,112,Others
14221,87,1,312.95,1,1,2,112,Others
14223,12,1,304.9,4,1,2,412,Others
14224,69,1,244.3,2,1,2,212,Others
14226,17,1,983.3,3,1,4,314,Others
14227,33,1,736.7,3,1,3,313,Others
14229,40,2,762.13,2,3,3,233,Others
14231,37,1,308.95,2,1,2,212,Others
14232,13,1,693.1800000000001,4,1,3,413,Others
14233,59,2,630.95,2,3,3,233,Others
14235,9,1,850.3100000000001,4,1,3,413,Others
14236,120,1,189.3,1,1,1,111,Others
14237,122,1,161.0,1,1,1,111,Others
14238,74,1,146.85,1,1,1,111,Others
14239,30,3,795.48,3,4,3,343,Others
14242,74,1,138.35,1,1,1,111,Others
14243,37,4,1139.8,2,4,4,244,Others
14245,12,1,1005.1,4,1,4,414,Others
14247,26,1,136.76999999999998,3,1,1,311,Others
14248,66,1,302.58,2,1,2,212,Others
14256,9,2,969.0600000000001,4,3,4,434,Others
14257,67,1,620.14,2,1,3,213,Others
14258,13,3,5268.26,4,4,4,444,Champions
14267,9,2,836.36,4,3,3,433,Others
14270,80,1,492.65000000000003,1,1,3,113,Others
14272,3,1,132.09,4,1,1,411,Others
14276,38,1,341.2,2,1,2,212,Others
14282,15,2,894.3,3,3,3,333,Others
14289,38,1,322.24,2,1,2,212,Others
14290,110,1,777.5600000000001,1,1,3,113,Others
14291,23,1,984.88,3,1,4,314,Others
14292,31,1,463.0,3,1,3,313,Others
14293,53,2,508.02000000000004,2,3,3,233,Others
14297,23,1,232.6,3,1,2,312,Others
14298,4,18,14346.5,4,4,4,444,Champions
14299,66,4,1565.94,2,4,4,244,Others
14307,72,2,1270.56,1,3,4,134,Others
14309,44,3,588.39,2,4,3,243,Others
14312,22,3,594.02,3,4,3,343,Others
14315,15,1,530.4,3,1,3,313,Others
14320,81,1,352.51,1,1,2,112,Others
14321,82,1,326.82,1,1,2,112,Others
14329,22,2,2125.6,3,3,4,334,Others
14334,23,3,1039.1,3,4,4,344,Others
14336,24,1,534.4200000000001,3,1,3,313,Others
14341,67,2,335.63,2,3,2,232,Others
14344,5,5,584.38,4,4,3,443,Others
14346,46,1,262.44,2,1,2,212,Others
14348,8,1,409.57,4,1,3,413,Others
14350,23,1,282.93,3,1,2,312,Others
14352,21,1,231.3,3,1,2,312,Others
14355,114,1,174.4,1,1,1,111,Others
14367,3,2,1487.77,4,3,4,434,Others
14368,68,1,155.0,2,1,1,211,Others
14371,43,1,100.5,2,1,1,211,Others
14373,106,1,76.55,1,1,1,111,Others
14377,11,1,314.6,4,1,2,412,Others
14379,43,1,110.98,2,1,1,211,Others
14386,45,1,142.4,2,1,1,211,Others
14388,30,2,714.25,3,3,3,333,Others
14390,121,1,223.7,1,1,2,112,Others
14395,19,3,1049.6,3,4,4,344,Others
14396,119,1,110.35000000000001,1,1,1,111,Others
14401,63,2,552.12,2,3,3,233,Others
14404,8,3,723.58,4,4,3,443,Others
14407,25,1,357.18,3,1,2,312,Others
14408,12,1,350.8,4,1,2,412,Others
14409,67,3,666.1,2,4,3,243,Others
14410,1,3,489.32,4,4,3,443,Others
14411,59,1,1063.0,2,1,4,214,Others
14413,111,1,122.7,1,1,1,111,Others
14414,107,1,217.2,1,1,1,111,Others
14415,52,3,1615.01,2,4,4,244,Others
14419,1,2,307.56,4,3,2,432,Others
14422,15,1,401.31,3,1,2,312,Others
14426,24,3,1495.58,3,4,4,344,Others
14428,73,1,203.55,1,1,1,111,Others
14431,51,1,470.36,2,1,3,213,Others
14437,114,1,63.0,1,1,1,111,Others
14438,54,1,131.9,2,1,1,211,Others
14439,68,1,2661.24,2,1,4,214,Others
14440,65,2,1185.71,2,3,4,234,Others
14441,4,1,356.84000000000003,4,1,2,412,Others
14442,65,1,675.58,2,1,3,213,Others
14443,58,2,608.4,2,3,3,233,Others
14447,29,1,265.0,3,1,2,312,Others
14448,112,1,102.35000000000001,1,1,1,111,Others
14449,121,1,210.24,1,1,1,111,Others
14450,69,1,161.03,2,1,1,211,Others
14457,59,1,113.64,2,1,1,211,Others
14460,59,1,30.0,2,1,1,211,Others
14461,10,1,776.23,4,1,3,413,Others
14462,15,5,704.91,3,4,3,343,Others
14465,51,1,597.3,2,1,3,213,Others
14466,29,3,1035.65,3,4,4,344,Others
14467,61,1,131.7,2,1,1,211,Others
14470,36,1,297.64,3,1,2,312,Others
14472,6,4,1328.18,4,4,4,444,Champions
14473,31,1,85.0,3,1,1,311,Others
14475,53,1,306.55,2,1,2,212,Others
14476,5,1,215.7,4,1,1,411,Others
14477,45,1,165.0,2,1,1,211,Others
14479,2,2,316.25,4,3,2,432,Others
14481,36,1,302.86,3,1,2,312,Others
14483,30,1,137.1,3,1,1,311,Others
14487,117,1,125.10000000000001,1,1,1,111,Others
14491,121,1,127.2,1,1,1,111,Others
14496,60,2,538.8100000000001,2,3,3,233,Others
14497,57,1,475.37,2,1,3,213,Others
14498,110,1,166.22,1,1,1,111,Others
14499,27,1,126.02000000000001,3,1,1,311,Others
14501,68,1,66.93,2,1,1,211,Others
14502,20,3,674.0600000000001,3,4,3,343,Others
14504,8,2,281.79,4,3,2,432,Others
14505,16,3,1949.3,3,4,4,344,Others
14506,32,2,566.86,3,3,3,333,Others
14507,24,2,378.85,3,3,2,332,Others
14513,37,1,18.75,2,1,1,211,Others
14514,79,1,255.25,1,1,2,112,Others
14520,39,1,165.0,2,1,1,211,Others
14524,30,2,485.5,3,3,3,333,Others
14525,1,3,1080.4,4,4,4,444,Champions
14527,2,18,2525.16,4,4,4,444,Champions
14530,11,2,1146.91,4,3,4,434,Others
14532,34,3,792.3000000000001,3,4,3,343,Others
14533,101,1,433.5,1,1,3,113,Others
14534,18,5,1096.88,3,4,4,344,Others
14536,8,1,171.8,4,1,1,411,Others
14538,4,1,106.5,4,1,1,411,Others
14540,57,1,195.9,2,1,1,211,Others
14541,35,4,840.65,3,4,3,343,Others
14543,1,7,1869.26,4,4,4,444,Champions
14544,110,1,1121.92,1,1,4,114,Others
14548,66,1,326.4,2,1,2,212,Others
14549,60,1,289.24,2,1,2,212,Others
14553,87,1,201.94,1,1,1,111,Others
14555,50,1,197.94,2,1,1,211,Others
14560,9,8,1164.85,4,4,4,444,Champions
14562,37,2,434.7,2,3,3,233,Others
14565,110,1,1167.41,1,1,4,114,Others
14570,29,2,218.06,3,3,1,331,Others
14572,2,3,1077.93,4,4,4,444,Champions
14573,5,4,882.58,4,4,3,443,Others
14576,120,1,35.400000000000006,1,1,1,111,Others
14577,111,1,346.90000000000003,1,1,2,112,Others
14586,25,1,237.36,3,1,2,312,Others
14587,8,5,906.8,4,4,4,444,Champions
14589,120,1,39.75,1,1,1,111,Others
14594,122,1,255.0,1,1,2,112,Others
14595,62,1,163.8,2,1,1,211,Others
14600,54,1,393.33000000000004,2,1,2,212,Others
14603,23,1,660.0,3,1,3,313,Others
14606,3,34,5200.84,4,4,4,444,Champions
14607,9,1,495.0,4,1,3,413,Others
14608,110,1,204.0,1,1,1,111,Others
14609,45,1,144.0,2,1,1,211,Others
14616,33,2,247.68000000000004,3,3,2,332,Others
14618,86,1,211.8,1,1,1,111,Others
14620,32,1,235.35,3,1,2,312,Others
14621,107,1,305.7,1,1,2,112,Others
14625,109,1,585.53,1,1,3,113,Others
14631,47,1,309.5,2,1,2,212,Others
14632,11,1,114.56,4,1,1,411,Others
14633,14,1,344.90000000000003,3,1,2,312,Others
14636,17,1,300.19,3,1,2,312,Others
14639,40,2,1235.13,2,3,4,234,Others
14643,106,1,357.94,1,1,2,112,Others
14644,47,1,187.50000000000003,2,1,1,211,Others
14645,24,1,240.10000000000002,3,1,2,312,Others
14646,3,14,79328.42,4,4,4,444,Champions
14653,87,1,344.81,1,1,2,112,Others
14656,32,1,133.11,3,1,1,311,Others
14657,30,2,524.4,3,3,3,333,Others
14659,12,3,1002.89,4,4,4,444,Champions
14662,24,2,369.56,3,3,2,332,Others
14665,45,3,731.66,2,4,3,243,Others
14667,23,8,2782.41,3,4,4,344,Others
14669,81,2,842.45,1,3,3,133,Others
14670,29,2,411.53,3,3,3,333,Others
14672,84,1,285.28000000000003,1,1,2,112,Others
14673,116,1,373.49,1,1,2,112,Others
14676,31,1,556.32,3,1,3,313,Others
14680,1,7,10462.58,4,4,4,444,Champions
14684,111,1,168.36,1,1,1,111,Others
14688,12,7,1866.01,4,4,4,444,Champions
14692,48,2,380.85,2,3,2,232,Others
14693,13,1,172.9,4,1,1,411,Others
14696,74,2,588.25,1,3,3,133,Others
14701,15,4,1475.65,3,4,4,344,Others
14702,29,6,1222.15,3,4,4,344,Others
14708,117,1,419.06,1,1,3,113,Others
14709,25,3,1183.3,3,4,4,344,Others
14711,11,1,200.51999999999998,4,1,1,411,Others
14713,16,5,909.61,3,4,4,344,Others
14715,47,2,247.45,2,3,2,232,Others
14723,106,3,471.0,1,4,3,143,Others
14727,22,1,268.58,3,1,2,312,Others
14729,122,1,313.49,1,1,2,112,Others
14730,5,2,393.58,4,3,2,432,Others
14732,32,2,673.98,3,3,3,333,Others
14733,19,7,7560.32,3,4,4,344,Others
14735,10,8,1541.85,4,4,4,444,Champions
14737,102,1,434.0,1,1,3,113,Others
14738,65,1,204.77,2,1,1,211,Others
14739,87,2,943.44,1,3,4,134,Others
14740,32,1,521.1,3,1,3,313,Others
14741,110,2,495.3,1,3,3,133,Others
14744,46,5,928.03,2,4,4,244,Others
14745,33,1,240.60000000000002,3,1,2,312,Others
14748,117,2,470.42,1,3,3,133,Others
14754,44,1,228.26999999999998,2,1,2,212,Others
14755,5,3,1302.24,4,4,4,444,Champions
14758,8,1,654.75,4,1,3,413,Others
14760,45,1,89.2,2,1,1,211,Others
14761,83,1,97.5,1,1,1,111,Others
14762,12,1,300.52,4,1,2,412,Others
14766,5,2,809.06,4,3,3,433,Others
14769,13,3,3320.78,4,4,4,444,Champions
14770,71,1,278.6,1,1,2,112,Others
14775,120,1,406.56,1,1,2,112,Others
14776,61,1,558.36,2,1,3,213,Others
14778,57,1,334.05,2,1,2,212,Others
14779,29,3,386.15,3,4,2,342,Others
14782,68,1,200.10000000000002,2,1,1,211,Others
14784,72,1,114.68,1,1,1,111,Others
14790,2,1,152.16,4,1,1,411,Others
14794,2,3,479.08,4,4,3,443,Others
14796,8,7,2637.8,4,4,4,444,Champions
14798,58,1,75.68,2,1,1,211,Others
14800,20,4,2387.09,3,4,4,344,Others
14803,24,2,730.79,3,3,3,333,Others
14805,62,1,109.25,2,1,1,211,Others
14810,3,6,910.74,4,4,4,444,Champions
14813,118,2,155.43,1,3,1,131,Others
14817,26,1,580.79,3,2,3,323,Others
14818,2,1,118.25,4,2,1,421,Others
14821,115,1,48.800000000000004,1,2,1,121,Others
14825,24,4,885.1700000000001,3,4,3,343,Others
14828,2,2,1075.92,4,3,4,434,Others
14829,109,2,385.33,1,3,2,132,Others
14840,16,1,62.85,3,2,1,321,Others
14841,23,3,1781.8500000000001,3,4,4,344,Others
14842,56,1,310.0,2,2,2,222,Others
14849,46,8,1428.03,2,4,4,244,Others
14850,60,1,325.75,2,2,2,222,Others
14851,4,1,206.13,4,2,1,421,Others
14852,1,1,490.4,4,2,3,423,Others
14854,23,1,462.28000000000003,3,2,3,323,Others
14865,120,1,37.2,1,2,1,121,Others
14866,114,1,103.67999999999999,1,2,1,121,Others
14867,84,1,300.74,1,2,2,122,Others
14870,10,1,327.25,4,2,2,422,Others
14871,4,2,248.6,4,3,2,432,Others
14875,11,1,362.0,4,2,2,422,Others
14878,6,3,631.78,4,4,3,443,Others
14880,37,1,129.2,2,2,1,221,Others
14886,1,1,364.8,4,2,2,422,Others
14889,84,1,135.9,1,2,1,121,Others
14890,2,1,125.65,4,2,1,421,Others
14895,39,1,2346.34,2,2,4,224,Others
14896,114,1,257.22,1,2,2,122,Others
14897,45,1,175.5,2,2,1,221,Others
14898,51,3,424.05,2,4,3,243,Others
14901,109,3,497.04999999999995,1,4,3,143,Others
14903,27,1,533.18,3,2,3,323,Others
14907,109,3,960.69,1,4,4,144,Others
14911,2,38,24790.78,4,4,4,444,Champions
14913,22,2,615.8299999999999,3,3,3,333,Others
14915,26,1,142.28,3,2,1,321,Others
14916,72,1,295.05,1,2,2,122,Others
14930,22,1,1104.13,3,2,4,324,Others
14932,114,1,363.53,1,2,2,122,Others
14934,31,1,828.84,3,2,3,323,Others
14935,45,1,1784.71,2,2,4,224,Others
14936,24,1,1576.3600000000001,3,2,4,324,Others
14944,45,2,754.29,2,3,3,233,Others
14952,34,3,2183.83,3,4,4,344,Others
14957,1,1,58.49,4,2,1,421,Others
14959,45,1,178.66,2,2,1,221,Others
14961,46,3,2103.03,2,4,4,244,Others
14962,19,1,126.7,3,2,1,321,Others
14970,1,2,782.25,4,3,3,433,Others
14976,23,2,271.52,3,3,2,332,Others
14978,38,3,1142.45,2,4,4,244,Others
14985,106,1,124.51,1,2,1,121,Others
14987,114,1,163.2,1,2,1,121,Others
14995,29,1,119.31,3,2,1,321,Others
15002,45,3,1147.5900000000001,2,4,4,244,Others
15005,18,6,1284.95,3,4,4,344,Others
15012,122,1,191.06,1,2,1,121,Others
15018,1,2,291.34000000000003,4,3,2,432,Others
15019,15,1,266.0,3,2,2,322,Others
15021,10,2,407.12,4,3,2,432,Others
15023,25,3,1805.74,3,4,4,344,Others
15024,45,3,688.09,2,4,3,243,Others
15026,26,1,108.97999999999999,3,2,1,321,Others
15028,117,1,185.97,1,2,1,121,Others
15030,16,1,152.76,3,2,1,321,Others
15031,30,1,150.83,3,2,1,321,Others
15032,4,3,4959.1,4,4,4,444,Champions
15033,5,2,749.8,4,3,3,433,Others
15034,27,3,1673.1100000000001,3,4,4,344,Others
15038,118,1,126.42999999999999,1,2,1,121,Others
15039,5,17,8231.29,4,4,4,444,Champions
15044,11,8,3564.9,4,4,4,444,Champions
15045,6,1,388.9,4,2,2,422,Others
15046,34,5,1229.04,3,4,4,344,Others
15047,18,1,343.62,3,2,2,322,Others
15048,117,1,98.7,1,2,1,121,Others
15049,22,1,121.17000000000002,3,2,1,321,Others
15052,67,1,215.78,2,2,1,221,Others
15053,30,1,222.65,3,2,1,321,Others
15057,23,2,1489.5,3,3,4,334,Others
15058,48,3,478.07,2,4,3,243,Others
15059,45,3,369.91,2,4,2,242,Others
15061,2,25,26992.96,4,4,4,444,Champions
15062,33,2,460.98,3,3,3,333,Others
15065,40,1,773.66,2,2,3,223,Others
15067,31,1,848.05,3,2,3,323,Others
15068,4,1,239.95999999999998,4,2,2,422,Others
15070,121,1,106.2,1,2,1,121,Others
15071,24,1,588.6700000000001,3,2,3,323,Others
15078,8,8,2574.94,4,4,4,444,Champions
15079,64,2,509.24,2,3,3,233,Others
15081,115,1,111.15,1,2,1,121,Others
15083,5,1,88.2,4,2,1,421,Others
15087,30,1,306.94,3,2,2,322,Others
15090,57,1,381.32,2,2,2,222,Others
15092,32,1,323.16,3,2,2,322,Others
15093,36,3,2603.21,3,4,4,344,Others
15100,82,3,876.0,1,4,3,143,Others
15101,108,1,102.28,1,2,1,121,Others
15104,31,1,374.64,3,2,2,322,Others
15106,18,1,410.7,3,2,3,323,Others
15107,59,6,319.5,2,4,2,242,Others
15110,67,1,169.65,2,2,1,221,Others
15111,121,1,288.5,1,2,2,122,Others
15114,50,1,259.05,2,2,2,222,Others
15121,37,1,295.15,2,2,2,222,Others
15122,46,1,397.04,2,2,2,222,Others
15125,19,1,3840.88,3,2,4,324,Others
15129,4,2,659.8,4,3,3,433,Others
15132,11,1,313.77,4,2,2,422,Others
15133,6,2,657.9,4,3,3,433,Others
15139,85,1,122.10000000000001,1,2,1,121,Others
15140,12,1,446.15,4,2,3,423,Others
15144,9,3,648.72,4,4,3,443,Others
15146,40,1,834.22,2,2,3,223,Others
15150,17,1,501.25,3,2,3,323,Others
15157,107,1,1085.46,1,2,4,124,Others
15159,19,6,3352.2200000000003,3,4,4,344,Others
15160,106,1,158.16,1,2,1,121,Others
15164,87,1,173.39000000000001,1,2,1,121,Others
15165,122,1,487.75,1,2,3,123,Others
15167,69,1,163.0,2,2,1,221,Others
15171,79,1,1289.5,1,2,4,124,Others
15174,71,1,135.75,1,2,1,121,Others
15178,8,1,40.5,4,2,1,421,Others
15179,1,2,1387.62,4,3,4,434,Others
15180,115,1,87.5,1,2,1,121,Others
15181,18,1,300.0,3,2,2,322,Others
15182,17,1,370.48,3,2,2,322,Others
15189,3,8,2440.74,4,4,4,444,Champions
15192,113,1,315.0,1,2,2,122,Others
15194,32,6,2513.73,3,4,4,344,Others
15197,1,2,773.25,4,3,3,433,Others
15199,57,1,353.09999999999997,2,2,2,222,Others
15203,60,1,211.94,2,2,1,221,Others
15204,106,1,316.58,1,2,2,122,Others
15206,24,1,17.700000000000003,3,2,1,321,Others
15208,102,1,65.4,1,2,1,121,Others
15211,113,1,383.07,1,2,2,122,Others
15213,67,2,328.35,2,3,2,232,Others
15218,12,2,1109.51,4,3,4,434,Others
15220,29,1,316.11,3,2,2,322,Others
15221,115,1,403.25,1,2,2,122,Others
15222,67,1,585.0,2,2,3,223,Others
15224,106,2,322.08,1,3,2,132,Others
15226,59,1,154.41,2,2,1,221,Others
15227,33,2,625.07,3,3,3,333,Others
15228,43,1,904.85,2,2,4,224,Others
15234,25,1,197.0,3,2,1,321,Others
15235,33,9,1460.94,3,4,4,344,Others
15236,47,1,321.05,2,2,2,222,Others
15240,60,1,312.9,2,2,2,222,Others
15241,32,1,395.33,3,2,2,322,Others
15245,10,1,1251.48,4,2,4,424,Others
15246,107,1,186.0,1,2,1,121,Others
15249,5,1,1001.82,4,2,4,424,Others
15257,32,1,317.15,3,2,2,322,Others
15260,121,2,420.5,1,3,3,133,Others
15262,72,1,178.95000000000002,1,2,1,121,Others
15266,87,1,119.3,1,2,1,121,Others
15270,50,3,1013.5,2,4,4,244,Others
15271,86,2,364.84999999999997,1,3,2,132,Others
15279,103,1,290.51,1,2,2,122,Others
15281,36,2,1014.57,3,3,4,334,Others
15288,12,2,1152.4,4,3,4,434,Others
15290,4,6,1379.98,4,4,4,444,Champions
15291,1,8,2376.19,4,4,4,444,Champions
15296,75,1,1199.33,1,2,4,124,Others
15298,11,4,1238.44,4,4,4,444,Champions
15299,12,4,2435.01,4,4,4,444,Champions
15301,16,2,1295.87,3,3,4,334,Others
15303,39,1,574.02,2,2,3,223,Others
15304,8,3,279.6,4,4,2,442,Others
15308,23,1,310.47,3,2,2,322,Others
15311,19,31,19347.18,3,4,4,344,Others
15312,103,1,289.74,1,2,2,122,Others
15316,75,1,165.0,1,2,1,121,Others
15319,32,1,204.5,3,2,1,321,Others
15321,40,1,1159.47,2,2,4,224,Others
15326,82,1,311.71,1,2,2,122,Others
15332,114,4,1661.06,1,4,4,144,Others
15339,67,1,257.9,2,2,2,222,Others
15346,81,1,252.42000000000002,1,2,2,122,Others
15347,114,1,201.60000000000002,1,2,1,121,Others
15350,122,1,115.65,1,2,1,121,Others
15351,118,1,274.67,1,2,2,122,Others
15353,3,2,777.02,4,3,3,433,Others
15356,45,3,619.73,2,4,3,243,Others
15358,28,8,3456.9,3,4,4,344,Others
15361,110,1,418.92,1,2,3,123,Others
15363,121,1,326.0,1,2,2,122,Others
15364,3,1,331.80000000000007,4,2,2,422,Others
15365,64,1,208.61,2,2,1,221,Others
15366,106,1,105.54,1,2,1,121,Others
15367,24,1,764.58,3,2,3,323,Others
15370,46,2,754.22,2,3,3,233,Others
15373,3,5,1076.21,4,4,4,444,Champions
15379,24,4,3053.9300000000003,3,4,4,344,Others
15380,113,1,230.10000000000002,1,2,2,122,Others
15381,17,1,282.29999999999995,3,2,2,322,Others
15382,44,1,1019.42,2,2,4,224,Others
15384,108,1,303.57,1,2,2,122,Others
15388,19,1,140.54,3,2,1,321,Others
15392,108,1,338.98,1,2,2,122,Others
15393,29,1,124.10000000000001,3,2,1,321,Others
15394,107,1,587.66,1,2,3,123,Others
15395,74,1,107.45,1,2,1,121,Others
15397,38,1,94.0,2,2,1,221,Others
15400,27,1,346.1,3,2,2,322,Others
15406,49,1,252.29,2,2,2,222,Others
15407,54,1,165.0,2,2,1,221,Others
15408,12,1,267.18,4,2,2,422,Others
15410,10,1,382.6,4,2,2,422,Others
15415,62,1,572.8100000000001,2,2,3,223,Others
15416,31,1,1375.24,3,2,4,324,Others
15421,58,1,295.06,2,2,2,222,Others
15422,71,2,97.7,1,3,1,131,Others
15424,3,2,383.34,4,3,2,432,Others
15426,5,2,662.98,4,3,3,433,Others
15433,16,1,372.64,3,2,2,322,Others
15437,11,1,200.16,4,2,1,421,Others
15443,69,1,437.71,2,2,3,223,Others
15445,12,1,113.5,4,2,1,421,Others
15447,79,1,155.17,1,2,1,121,Others
15448,61,1,494.64,2,2,3,223,Others
15449,10,1,345.92,4,2,2,422,Others
15452,12,1,247.25,4,2,2,422,Others
15454,110,1,179.1,1,2,1,121,Others
15456,32,3,447.22,3,4,3,343,Others
15457,10,1,237.07,4,2,2,422,Others
15460,102,1,216.76,1,2,1,121,Others
15464,86,1,1048.85,1,2,4,124,Others
15465,6,9,3759.6099999999997,4,4,4,444,Champions
15482,107,2,723.64,1,3,3,133,Others
15483,15,1,114.85,3,2,1,321,Others
15485,84,2,1278.63,1,3,4,134,Others
15493,19,1,538.76,3,2,3,323,Others
15497,68,1,970.6,2,2,4,224,Others
15498,26,7,4655.56,3,4,4,344,Others
15502,24,4,2640.46,3,4,4,344,Others
15503,111,1,147.09,1,2,1,121,Others
15510,79,1,250.0,1,2,2,122,Others
15512,108,1,101.2,1,2,1,121,Others
15513,8,8,4518.76,4,4,4,444,Champions
15514,29,5,2176.7400000000002,3,4,4,344,Others
15518,67,3,630.65,2,4,3,243,Others
15521,3,1,475.69,4,2,3,423,Others
15525,122,1,313.93,1,2,2,122,Others
15527,64,2,580.3,2,3,3,233,Others
15528,2,1,229.33,4,2,2,422,Others
15529,8,5,1319.93,4,4,4,444,Champions
15532,106,1,356.35,1,2,2,122,Others
15535,76,2,292.54,1,3,2,132,Others
15543,36,1,127.86,3,2,1,321,Others
15544,36,3,1199.1200000000001,3,4,4,344,Others
15545,119,1,135.32999999999998,1,2,1,121,Others
15547,20,5,1716.44,3,4,4,344,Others
15549,64,1,942.1,2,2,4,224,Others
15550,50,1,137.89999999999998,2,2,1,221,Others
15554,26,1,217.2,3,2,1,321,Others
15555,110,3,989.82,1,4,4,144,Others
15562,100,1,134.55,1,2,1,121,Others
15563,107,1,270.19,1,2,2,122,Others
15569,81,1,288.5,1,2,2,122,Others
15570,32,6,1984.0900000000001,3,4,4,344,Others
15572,26,2,445.90999999999997,3,3,3,333,Others
15574,107,3,590.15,1,4,3,143,Others
15577,54,1,29.65,2,2,1,221,Others
15579,62,1,199.6,2,2,1,221,Others
15581,23,5,417.5,3,4,3,343,Others
15587,100,1,344.88,1,2,2,122,Others
15589,4,3,478.53000000000003,4,4,3,443,Others
15596,30,3,1080.5,3,4,4,344,Others
15601,1,8,4057.05,4,4,4,444,Champions
15602,61,4,404.75,2,4,2,242,Others
15605,1,3,690.1800000000001,4,4,3,443,Others
15606,10,5,1505.47,4,4,4,444,Champions
15607,85,1,104.76,1,2,1,121,Others
15611,4,3,331.5,4,4,2,442,Others
15615,12,6,2971.88,4,4,4,444,Champions
15620,106,1,424.49,1,2,3,123,Others
15622,31,1,576.0,3,2,3,323,Others
15624,5,1,183.9,4,2,1,421,Others
15626,78,1,281.88,1,2,2,122,Others
15628,3,2,691.01,4,3,3,433,Others
15632,2,2,695.23,4,3,3,433,Others
15636,30,1,306.7,3,2,2,322,Others
15640,47,5,4351.03,2,4,4,244,Others
15641,9,3,1305.38,4,4,4,444,Champions
15643,30,1,337.1,3,2,2,322,Others
15644,4,3,423.19,4,4,3,443,Others
15646,120,1,189.8,1,2,1,121,Others
15648,15,1,316.85,3,2,2,322,Others
15649,85,2,816.0,1,3,3,133,Others
15651,9,1,227.32,4,2,2,422,Others
15656,32,1,242.95,3,2,2,322,Others
15658,10,3,597.6500000000001,4,4,3,443,Others
15660,32,2,364.3,3,3,2,332,Others
15661,66,2,309.8,2,3,2,232,Others
15669,12,1,198.8,4,2,1,421,Others
15670,45,1,173.05,2,2,1,221,Others
15671,16,2,657.17,3,3,3,333,Others
15673,75,1,969.95,1,2,4,124,Others
15674,3,1,355.12,4,2,2,422,Others
15675,28,1,45.0,3,2,1,321,Others
15676,32,1,897.8,3,2,4,324,Others
15680,114,1,478.89,1,2,3,123,Others
15681,29,1,345.68,3,2,2,322,Others
15687,17,4,1402.45,3,4,4,344,Others
15689,110,1,103.5,1,2,1,121,Others
15694,16,5,1829.8799999999999,3,4,4,344,Others
15695,15,2,409.98,3,3,3,333,Others
15696,4,5,1325.41,4,4,4,444,Champions
15703,13,1,211.5,4,2,1,421,Others
15708,34,4,1624.45,3,4,4,344,Others
15709,32,1,133.25,3,2,1,321,Others
15712,36,1,299.8,3,2,2,322,Others
15713,114,1,171.15,1,2,1,121,Others
15716,6,2,662.36,4,3,3,433,Others
15719,11,4,1371.6,4,4,4,444,Champions
15722,39,1,324.05,2,2,2,222,Others
15723,113,1,203.1,1,2,1,121,Others
15724,33,1,103.65,3,2,1,321,Others
15727,79,2,2091.6,1,3,4,134,Others
15732,120,1,138.1,1,2,1,121,Others
15733,31,1,162.3,3,2,1,321,Others
15738,4,6,2005.0900000000001,4,4,4,444,Champions
15749,81,2,22998.4,1,3,4,134,Others
15750,31,3,612.57,3,4,3,343,Others
15752,25,2,641.4,3,3,3,333,Others
15753,53,1,79.2,2,2,1,221,Others
15755,43,1,314.68,2,2,2,222,Others
15759,45,2,185.04,2,3,1,231,Others
15764,25,1,1120.93,3,2,4,324,Others
15769,16,8,23181.48,3,4,4,344,Others
15777,66,3,753.15,2,4,3,243,Others
15780,106,1,177.15,1,2,1,121,Others
15781,54,1,83.35,2,2,1,221,Others
15785,44,1,928.58,2,2,4,224,Others
15789,106,1,351.3,1,2,2,122,Others
15793,17,1,306.64,3,2,2,322,Others
15796,50,1,343.92,2,2,2,222,Others
15797,53,2,1510.2,2,3,4,234,Others
15799,82,1,320.21999999999997,1,2,2,122,Others
15805,37,2,924.5600000000001,2,3,4,234,Others
15806,25,1,300.36,3,2,2,322,Others
15808,54,4,3734.9700000000003,2,4,4,244,Others
15809,4,2,262.22,4,3,2,432,Others
15810,45,1,377.32,2,2,2,222,Others
15811,46,3,897.33,2,4,4,244,Others
15812,2,2,764.76,4,3,3,433,Others
15815,8,1,427.0,4,2,3,423,Others
15819,25,1,639.64,3,2,3,323,Others
15820,68,1,206.98,2,2,1,221,Others
15822,108,1,440.2,1,2,3,123,Others
15823,120,1,15.0,1,2,1,121,Others
15827,29,7,734.28,3,4,3,343,Others
15831,72,1,309.94,1,2,2,122,Others
15832,2,1,836.79,4,2,3,423,Others
15834,25,2,1281.37,3,3,4,334,Others
15835,9,2,488.31,4,3,3,433,Others
15838,23,3,4512.24,3,4,4,344,Others
15841,87,1,331.6,1,2,2,122,Others
15843,52,1,118.95000000000002,2,2,1,221,Others
15845,36,2,1232.58,3,3,4,334,Others
15847,36,1,180.68,3,2,1,321,Others
15854,15,4,1056.7,3,4,4,344,Others
15855,12,1,95.8,4,2,1,421,Others
15856,2,5,4876.5,4,4,4,444,Champions
15858,38,2,816.22,2,3,3,233,Others
15860,1,2,395.51,4,3,2,432,Others
15861,15,2,722.48,3,3,3,333,Others
15862,122,1,354.23,1,2,2,122,Others
15864,64,1,242.42000000000002,2,2,2,222,Others
15867,17,7,1285.6100000000001,3,4,4,344,Others
15869,25,2,149.64,3,3,1,331,Others
15874,4,3,880.75,4,4,3,443,Others
15880,118,1,343.28000000000003,1,2,2,122,Others
15881,60,5,501.39000000000004,2,4,3,243,Others
15882,117,2,371.32000000000005,1,3,2,132,Others
15885,57,1,15.0,2,2,1,221,Others
15889,117,1,297.92,1,2,2,122,Others
15894,2,2,263.55,4,3,2,432,Others
15898,13,3,690.39,4,4,3,443,Others
15899,117,1,56.25,1,2,1,121,Others
15903,44,1,161.28,2,2,1,221,Others
15906,4,2,411.33000000000004,4,3,3,433,Others
15910,37,2,310.9,2,3,2,232,Others
15916,78,3,575.0600000000001,1,4,3,143,Others
15918,19,1,142.0,3,2,1,321,Others
15919,117,1,270.72,1,2,2,122,Others
15922,122,1,369.5,1,2,2,122,Others
15923,121,1,127.08,1,2,1,121,Others
15932,18,2,657.07,3,3,3,333,Others
15938,13,2,137.6,4,3,1,431,Others
15939,5,6,2042.75,4,4,4,444,Champions
15940,59,1,35.8,2,2,1,221,Others
15944,25,1,325.1,3,2,2,322,Others
15945,114,1,181.0,1,2,1,121,Others
15950,108,1,428.82000000000005,1,2,3,123,Others
15951,34,1,375.16999999999996,3,2,2,322,Others
15953,32,3,654.22,3,4,3,343,Others
15955,121,1,572.38,1,2,3,123,Others
15965,116,1,156.19,1,2,1,121,Others
15967,67,1,173.8,2,2,1,221,Others
15970,52,1,314.1,2,2,2,222,Others
15971,19,3,1063.5,3,4,4,344,Others
15973,115,1,307.82000000000005,1,2,2,122,Others
15974,25,2,917.19,3,3,4,334,Others
15980,2,1,760.18,4,2,3,423,Others
15981,2,2,870.0,4,3,3,433,Others
15983,109,3,1148.27,1,4,4,144,Others
15984,31,4,569.89,3,4,3,343,Others
15987,117,1,113.48,1,2,1,121,Others
15990,35,1,401.37,3,2,2,322,Others
15996,12,3,655.27,4,4,3,443,Others
15998,11,2,1782.22,4,3,4,434,Others
16003,108,1,1181.0,1,2,4,124,Others
16005,19,1,177.59,3,2,1,321,Others
16010,111,1,110.1,1,2,1,121,Others
16011,3,5,871.74,4,4,3,443,Others
16013,17,16,9195.62,3,4,4,344,Others
16014,39,1,262.93,2,2,2,222,Others
16016,115,1,382.27,1,2,2,122,Others
16019,3,5,2256.82,4,4,4,444,Champions
16022,9,1,628.28,4,2,3,423,Others
16023,15,1,177.84,3,2,1,321,Others
16027,32,2,399.72,3,3,2,332,Others
16029,8,21,22939.35,4,4,4,444,Champions
16030,58,1,331.24,2,2,2,222,Others
16033,27,6,1897.72,3,4,4,344,Others
16034,81,1,153.6,1,2,1,121,Others
16036,12,1,188.73,4,2,1,421,Others
16037,18,3,855.02,3,4,3,343,Others
16040,17,1,422.43,3,2,3,323,Others
16042,81,1,24.95,1,2,1,121,Others
16043,66,1,307.85,2,2,2,222,Others
16045,38,1,664.45,2,2,3,223,Others
16048,121,2,256.44,1,3,2,132,Others
16057,33,1,683.98,3,2,3,323,Others
16059,3,3,647.7,4,4,3,443,Others
16062,113,1,247.56,1,2,2,122,Others
16063,8,1,335.32,4,2,2,422,Others
16065,114,1,372.09,1,2,2,122,Others
16072,36,1,584.3199999999999,3,2,3,323,Others
16073,45,1,122.39999999999999,2,2,1,221,Others
16078,32,1,79.2,3,2,1,321,Others
16080,22,1,130.26,3,2,1,321,Others
16081,7,2,568.13,4,3,3,433,Others
16083,109,1,337.98,1,2,2,122,Others
16084,47,1,436.18,2,2,3,223,Others
16085,69,1,181.35,2,2,1,221,Others
16086,37,2,278.45,2,3,2,232,Others
16092,2,1,310.87,4,2,2,422,Others
16096,13,1,320.62,4,2,2,422,Others
16098,47,2,852.4,2,3,3,233,Others
16109,57,1,314.99999999999994,2,2,2,222,Others
16110,11,2,693.93,4,3,3,433,Others
16112,81,2,136.14,1,3,1,131,Others
16115,13,2,343.96,4,3,2,432,Others
16122,81,2,249.84,1,3,2,132,Others
16124,65,1,249.0,2,2,2,222,Others
16125,115,1,289.35,1,2,2,122,Others
16126,45,1,891.35,2,2,3,223,Others
16128,31,1,388.3,3,2,2,322,Others
16133,36,2,630.91,3,3,3,333,Others
16134,108,1,283.53000000000003,1,2,2,122,Others
16135,11,1,517.55,4,2,3,423,Others
16136,26,1,159.3,3,2,1,321,Others
16140,119,1,124.14,1,2,1,121,Others
16143,52,3,1212.8500000000001,2,4,4,244,Others
16145,38,3,978.92,2,4,4,244,Others
16148,45,1,76.32000000000001,2,2,1,221,Others
16150,19,2,964.48,3,3,4,334,Others
16152,17,1,1829.04,3,2,4,324,Others
16153,103,1,215.01,1,2,1,121,Others
16156,18,2,612.86,3,3,3,333,Others
16159,30,1,348.2,3,2,2,322,Others
16161,38,7,1315.94,2,4,4,244,Others
16163,113,1,441.6,1,2,3,123,Others
16168,18,3,566.7,3,4,3,343,Others
16180,1,1,413.88,4,2,3,423,Others
16182,43,1,825.0,2,2,3,223,Others
16186,120,1,307.68,1,2,2,122,Others
16187,33,2,675.9000000000001,3,3,3,333,Others
16191,11,8,2615.68,4,4,4,444,Champions
16202,109,1,365.27,1,2,2,122,Others
16203,120,1,170.7,1,2,1,121,Others
16206,76,1,161.3,1,2,1,121,Others
16208,38,1,497.59,2,2,3,223,Others
16210,58,6,8876.94,2,4,4,244,Others
16212,32,1,498.15000000000003,3,2,3,323,Others
16214,1,2,749.67,4,3,3,433,Others
16216,15,1,914.9300000000001,3,2,4,324,Others
16217,30,1,183.0,3,2,1,321,Others
16218,3,2,687.6,4,3,3,433,Others
16221,24,2,315.37,3,3,2,332,Others
16222,67,1,846.72,2,2,3,223,Others
16225,26,2,416.61,3,3,3,333,Others
16233,78,2,326.5,1,3,2,132,Others
16235,44,2,344.46,2,3,2,232,Others
16241,87,2,438.03000000000003,1,3,3,133,Others
16242,25,1,211.36,3,2,1,321,Others
16244,121,1,1056.63,1,2,4,124,Others
16245,5,1,453.98,4,2,3,423,Others
16250,9,2,389.44,4,3,2,432,Others
16253,4,1,1700.4,4,2,4,424,Others
16255,53,3,893.21,2,4,3,243,Others
16256,15,1,752.4300000000001,3,2,3,323,Others
16265,9,5,2875.14,4,4,4,444,Champions
16270,101,1,1141.24,1,2,4,124,Others
16271,106,1,133.22,1,2,1,121,Others
16274,121,1,357.95,1,2,2,122,Others
16282,88,1,168.3,1,2,1,121,Others
16293,18,2,696.3100000000001,3,3,3,333,Others
16297,17,1,301.9,3,2,2,322,Others
16303,82,1,827.1800000000001,1,2,3,123,Others
16306,42,5,594.47,2,4,3,243,Others
16308,9,1,320.0,4,2,2,422,Others
16315,79,1,226.37,1,2,2,122,Others
16316,24,4,1148.97,3,4,4,344,Others
16317,45,1,570.76,2,2,3,223,Others
16321,53,3,223.65,2,4,2,242,Others
16326,62,2,426.63,2,3,3,233,Others
16327,18,3,1740.57,3,4,4,344,Others
16332,54,1,122.3,2,2,1,221,Others
16333,1,10,8616.720000000001,4,4,4,444,Champions
16339,33,1,109.95,3,2,1,321,Others
16349,39,1,53.5,2,2,1,221,Others
16350,82,1,376.7,1,2,2,122,Others
16351,81,1,153.9,1,2,1,121,Others
16353,19,9,1470.92,3,4,4,344,Others
16356,26,1,102.0,3,2,1,321,Others
16359,23,3,432.21,3,4,3,343,Others
16365,1,3,489.35999999999996,4,4,3,443,Others
16367,111,1,170.91,1,2,1,121,Others
16374,11,1,156.3,4,2,1,421,Others
16377,15,1,676.2,3,2,3,323,Others
16378,45,2,287.05,2,3,2,232,Others
16383,17,1,309.46,3,2,2,322,Others
16384,12,1,409.1,4,2,3,423,Others
16385,115,1,148.23000000000002,1,2,1,121,Others
16386,2,1,61.10000000000001,4,2,1,421,Others
16387,71,1,94.36,1,2,1,121,Others
16389,31,1,119.65,3,2,1,321,Others
16392,18,1,221.19,3,2,1,321,Others
16393,43,3,505.6,2,4,3,243,Others
16394,38,1,312.40999999999997,2,2,2,222,Others
16395,72,2,450.56,1,3,3,133,Others
16398,2,1,1169.95,4,2,4,424,Others
16401,2,3,972.4,4,4,4,444,Champions
16402,13,2,299.6,4,3,2,432,Others
16403,61,1,177.5,2,2,1,221,Others
16405,50,2,167.25,2,3,1,231,Others
16407,34,3,540.34,3,4,3,343,Others
16409,65,1,271.56,2,2,2,222,Others
16411,118,1,131.5,1,2,1,121,Others
16414,29,1,50.8,3,2,1,321,Others
16419,23,2,516.9300000000001,3,3,3,333,Others
16422,4,18,10347.36,4,4,4,444,Champions
16425,50,1,302.7,2,2,2,222,Others
16426,24,1,328.37,3,2,2,322,Others
16427,11,2,241.06,4,3,2,432,Others
16431,46,2,343.93,2,3,2,232,Others
16434,6,2,522.95,4,3,3,433,Others
16441,39,1,211.0,2,2,1,221,Others
16442,109,1,151.66,1,2,1,121,Others
16444,13,1,119.08,4,2,1,421,Others
16449,29,1,416.69,3,2,3,323,Others
16455,4,4,945.68,4,4,4,444,Champions
16456,55,2,1236.68,2,3,4,234,Others
16458,8,4,725.1,4,4,3,443,Others
16462,32,1,34.0,3,2,1,321,Others
16466,41,1,111.67,2,2,1,221,Others
16470,107,1,216.34,1,2,1,121,Others
16471,23,1,223.95000000000002,3,2,2,322,Others
16473,36,2,217.81,3,3,1,331,Others
16475,22,1,310.0,3,2,2,322,Others
16477,23,4,1176.21,3,4,4,344,Others
16493,33,2,367.8,3,3,2,332,Others
16494,45,1,826.53,2,2,3,223,Others
16495,24,2,246.51,3,3,2,332,Others
16496,65,1,736.7,2,2,3,223,Others
16497,17,3,687.6800000000001,3,4,3,343,Others
16499,109,2,365.45,1,3,2,132,Others
16500,79,1,165.0,1,2,1,121,Others
16503,79,2,841.79,1,3,3,133,Others
16509,45,1,363.7,2,2,2,222,Others
16510,121,1,248.1,1,2,2,122,Others
16511,15,1,340.75,3,2,2,322,Others
16515,60,1,320.51,2,2,2,222,Others
16517,26,1,162.7,3,2,1,321,Others
16518,32,1,190.7,3,2,1,321,Others
16519,114,1,103.7,1,2,1,121,Others
16520,114,1,325.76,1,2,2,122,Others
16523,5,3,1357.6,4,4,4,444,Champions
16525,9,9,4575.87,4,4,4,444,Champions
16531,42,3,484.83,2,4,3,243,Others
16532,87,1,1910.4,1,2,4,124,Others
16539,106,2,747.25,1,3,3,133,Others
16546,39,2,787.15,2,3,3,233,Others
16549,83,1,119.49000000000001,1,2,1,121,Others
16550,117,1,554.66,1,2,3,123,Others
16551,85,1,311.07,1,2,2,122,Others
16552,122,1,95.29,1,2,1,121,Others
16553,22,5,2791.94,3,4,4,344,Others
16554,80,1,0.85,1,2,1,121,Others
16556,43,2,950.99,2,3,4,234,Others
16558,3,7,2298.9,4,4,4,444,Champions
16560,106,1,332.18,1,2,2,122,Others
16565,112,1,173.7,1,2,1,121,Others
16566,41,1,94.89999999999999,2,2,1,221,Others
16567,85,1,557.5600000000001,1,2,3,123,Others
16570,18,2,904.14,3,3,4,334,Others
16571,30,1,436.68,3,2,3,323,Others
16572,24,1,342.58,3,2,2,322,Others
16573,38,1,292.63,2,2,2,222,Others
16583,122,1,233.45,1,2,2,122,Others
16584,3,1,611.94,4,2,3,423,Others
16592,1,3,802.75,4,4,3,443,Others
16593,76,1,69.6,1,2,1,121,Others
16596,114,1,120.65,1,2,1,121,Others
16598,34,1,145.04999999999998,3,2,1,321,Others
16600,1,2,237.46,4,3,2,432,Others
16607,3,5,1244.19,4,4,4,444,Champions
16609,1,1,557.53,4,2,3,423,Others
16612,60,1,280.05,2,2,2,222,Others
16618,7,2,1082.82,4,3,4,434,Others
16619,12,1,226.21,4,2,2,422,Others
16620,9,1,95.75999999999999,4,2,1,421,Others
16621,26,1,162.85,3,2,1,321,Others
16625,23,1,333.08,3,2,2,322,Others
16626,15,1,795.75,3,2,3,323,Others
16634,120,1,164.8,1,2,1,121,Others
16638,5,6,1211.44,4,4,4,444,Champions
16652,22,1,1588.16,3,2,4,324,Others
16654,116,1,227.4,1,2,2,122,Others
16655,80,1,812.25,1,2,3,123,Others
16656,15,4,1755.44,3,4,4,344,Others
16657,3,1,242.55,4,2,2,422,Others
16658,117,1,123.24,1,2,1,121,Others
16660,68,1,282.59999999999997,2,2,2,222,Others
16665,111,1,135.39999999999998,1,2,1,121,Others
16667,33,1,203.35,3,2,1,321,Others
16668,33,1,50.76,3,2,1,321,Others
16670,31,4,1393.8400000000001,3,4,4,344,Others
16672,15,1,1175.44,3,2,4,324,Others
16676,86,1,464.82,1,2,3,123,Others
16678,31,1,312.18,3,2,2,322,Others
16679,115,1,129.75,1,2,1,121,Others
16681,2,1,301.6,4,2,2,422,Others
16684,15,8,14631.06,3,4,4,344,Others
16686,54,2,705.75,2,3,3,233,Others
16692,4,2,1276.0,4,3,4,434,Others
16693,20,1,157.56,3,2,1,321,Others
16698,2,1,1182.0,4,2,4,424,Others
16700,9,4,1761.6,4,4,4,444,Champions
16701,6,4,1575.92,4,4,4,444,Champions
16705,60,3,3620.83,2,4,4,244,Others
16709,30,1,1120.53,3,2,4,324,Others
16710,13,4,889.58,4,4,3,443,Others
16711,50,2,598.8000000000001,2,3,3,233,Others
16712,3,2,721.78,4,3,3,433,Others
16713,9,5,1813.17,4,4,4,444,Champions
16714,66,2,1146.53,2,3,4,234,Others
16716,15,2,901.2,3,3,4,334,Others
16717,114,1,307.25,1,2,2,122,Others
16718,118,1,623.75,1,2,3,123,Others
16719,37,3,752.51,2,4,3,243,Others
16721,10,1,292.47,4,2,2,422,Others
16722,36,3,1113.88,3,4,4,344,Others
16725,50,7,781.02,2,4,3,243,Others
16726,43,3,603.79,2,4,3,243,Others
16727,113,1,272.82,1,2,2,122,Others
16728,13,1,224.49,4,2,2,422,Others
16730,68,1,187.01999999999998,2,2,1,221,Others
16735,83,1,660.36,1,2,3,123,Others
16738,46,1,3.75,2,2,1,221,Others
16743,23,2,791.0600000000001,3,3,3,333,Others
16745,9,6,2291.42,4,4,4,444,Champions
16746,15,4,1562.89,3,4,4,344,Others
16748,57,2,609.8,2,3,3,233,Others
16752,121,1,207.5,1,2,1,121,Others
16754,120,1,2002.4,1,2,4,124,Others
16755,64,1,316.06,2,2,2,222,Others
16757,67,1,106.83000000000001,2,2,1,221,Others
16765,42,1,34.0,2,2,1,221,Others
16766,21,2,1145.6,3,3,4,334,Others
16767,8,2,2230.86,4,3,4,434,Others
16768,20,1,183.25,3,2,1,321,Others
16769,9,1,380.39,4,2,2,422,Others
16770,62,3,531.5,2,4,3,243,Others
16771,24,3,1655.95,3,4,4,344,Others
16775,39,3,577.1,2,4,3,243,Others
16777,5,1,177.25,4,2,1,421,Others
16778,22,1,93.18,3,2,1,321,Others
16779,15,8,2800.33,3,4,4,344,Others
16780,7,1,161.89,4,2,1,421,Others
16781,120,1,311.25,1,2,2,122,Others
16782,17,5,1105.39,3,4,4,344,Others
16788,3,1,297.17,4,2,2,422,Others
16791,12,2,407.28,4,3,2,432,Others
16792,30,2,110.38000000000001,3,3,1,331,Others
16795,114,1,414.88,1,2,3,123,Others
16801,22,1,751.9,3,2,3,323,Others
16804,18,1,118.05,3,2,1,321,Others
16805,109,1,214.77,1,2,1,121,Others
16807,19,1,371.23,3,2,2,322,Others
16808,22,1,166.5,3,2,1,321,Others
16809,10,1,214.28,4,2,1,421,Others
16812,109,1,479.35,1,2,3,123,Others
16814,4,8,2580.34,4,4,4,444,Champions
16816,61,2,325.45,2,3,2,232,Others
16817,8,4,515.55,4,4,3,443,Others
16833,8,3,671.29,4,4,3,443,Others
16835,121,1,81.75,1,2,1,121,Others
16838,36,1,392.12,3,2,2,322,Others
16839,2,10,4924.62,4,4,4,444,Champions
16841,36,1,317.38,3,2,2,322,Others
16842,50,1,520.5699999999999,2,2,3,223,Others
16843,39,2,1999.46,2,3,4,234,Others
16850,82,1,332.41,1,2,2,122,Others
16858,117,1,375.69000000000005,1,2,2,122,Others
16859,10,1,259.84,4,2,2,422,Others
16863,115,1,164.25,1,2,1,121,Others
16871,4,3,927.3100000000001,4,4,4,444,Champions
16873,112,1,2157.64,1,2,4,124,Others
16875,45,3,805.09,2,4,3,243,Others
16882,65,1,9.9,2,2,1,221,Others
16883,120,1,128.03,1,2,1,121,Others
16885,105,1,190.65,1,2,1,121,Others
16889,85,1,523.05,1,2,3,123,Others
16891,120,1,232.26,1,2,2,122,Others
16893,115,1,145.93,1,2,1,121,Others
16897,47,2,289.78,2,3,2,232,Others
16898,117,1,116.08,1,2,1,121,Others
16899,109,1,170.55,1,2,1,121,Others
16904,9,5,1065.7,4,4,4,444,Champions
16905,8,2,635.38,4,3,3,433,Others
16907,38,2,432.7,2,3,3,233,Others
16912,39,3,757.64,2,4,3,243,Others
16913,39,1,113.44,2,2,1,221,Others
16915,32,1,54.300000000000004,3,2,1,321,Others
16916,121,1,198.08,1,2,1,121,Others
16917,25,1,391.52,3,2,2,322,Others
16918,65,1,275.78,2,2,2,222,Others
16919,109,2,540.01,1,3,3,133,Others
16923,6,5,2401.4700000000003,4,4,4,444,Champions
16926,120,1,230.25,1,2,2,122,Others
16927,25,2,341.45,3,3,2,332,Others
16928,1,4,465.0,4,4,3,443,Others
16931,5,5,1159.6200000000001,4,4,4,444,Champions
16938,57,1,267.6,2,2,2,222,Others
16940,38,1,757.68,2,2,3,223,Others
16943,9,2,644.63,4,3,3,433,Others
16945,3,6,1456.58,4,4,4,444,Champions
16948,10,2,240.54000000000002,4,3,2,432,Others
16949,3,2,202.21,4,3,1,431,Others
16950,115,1,172.0,1,2,1,121,Others
16951,52,1,1053.79,2,2,4,224,Others
16954,3,3,941.48,4,4,4,444,Champions
16955,84,3,354.98,1,4,2,142,Others
16957,30,1,114.84,3,2,1,321,Others
16960,1,1,201.53,4,2,1,421,Others
16976,15,1,251.51999999999998,3,2,2,322,Others
16979,46,1,347.15,2,2,2,222,Others
16980,3,2,1078.96,4,3,4,434,Others
16983,20,3,622.34,3,4,3,343,Others
16985,17,4,2102.46,3,4,4,344,Others
16992,33,1,421.6,3,2,3,323,Others
16996,17,3,369.94000000000005,3,4,2,342,Others
16997,36,3,702.0,3,4,3,343,Others
16998,52,1,90.0,2,2,1,221,Others
17001,29,3,1106.09,3,4,4,344,Others
17002,39,1,513.06,2,2,3,223,Others
17007,106,2,207.12,1,3,1,131,Others
17017,13,8,3634.72,4,4,4,444,Champions
17018,74,1,405.0,1,2,2,122,Others
17019,10,3,995.93,4,4,4,444,Champions
17025,121,2,160.97,1,3,1,131,Others
17026,118,1,33.15,1,2,1,121,Others
17027,32,3,443.88,3,4,3,343,Others
17033,108,1,307.8,1,2,2,122,Others
17034,36,1,141.79999999999998,3,2,1,321,Others
17035,60,1,259.51,2,2,2,222,Others
17041,109,1,304.5,1,2,2,122,Others
17043,14,1,174.6,3,2,1,321,Others
17048,31,2,760.4,3,3,3,333,Others
17049,24,1,924.5400000000001,3,2,4,324,Others
17050,27,3,1513.71,3,4,4,344,Others
17059,9,2,1181.66,4,3,4,434,Others
17060,15,1,234.24,3,2,2,322,Others
17062,62,4,538.37,2,4,3,243,Others
17063,38,2,319.37,2,3,2,232,Others
17064,75,1,147.85,1,2,1,121,Others
17068,13,6,1223.7,4,4,4,444,Champions
17069,103,2,583.2,1,3,3,133,Others
17071,2,2,513.33,4,3,3,433,Others
17075,2,3,696.07,4,4,3,443,Others
17076,22,2,334.2,3,3,2,332,Others
17080,18,1,76.32000000000001,3,2,1,321,Others
17082,66,1,636.94,2,2,3,223,Others
17083,44,2,996.02,2,3,4,234,Others
17085,48,3,974.4,2,4,4,244,Others
17088,2,1,1015.83,4,2,4,424,Others
17090,36,2,462.0,3,3,3,333,Others
17091,73,2,888.15,1,3,3,133,Others
17092,25,1,134.9,3,2,1,321,Others
17094,71,1,302.0,1,2,2,122,Others
17095,48,2,543.96,2,3,3,233,Others
17096,10,1,133.49,4,2,1,421,Others
17097,73,2,287.64,1,3,2,132,Others
17102,10,1,25.5,4,2,1,421,Others
17105,54,1,319.4,2,2,2,222,Others
17107,26,1,1695.21,3,2,4,324,Others
17114,46,2,270.19,2,3,2,232,Others
17117,37,1,116.19999999999999,2,2,1,221,Others
17118,66,1,157.02,2,2,1,221,Others
17126,48,2,515.27,2,3,3,233,Others
17128,83,1,157.09,1,2,1,121,Others
17133,15,1,683.4200000000001,3,2,3,323,Others
17134,13,1,330.5,4,2,2,422,Others
17135,38,2,500.55,2,3,3,233,Others
17138,24,1,380.5,3,2,2,322,Others
17139,8,2,3348.04,4,3,4,434,Others
17146,12,2,563.88,4,3,3,433,Others
17147,60,1,409.5,2,2,3,223,Others
17152,11,1,315.90000000000003,4,2,2,422,Others
17158,109,1,413.79,1,2,3,123,Others
17162,25,3,636.16,3,4,3,343,Others
17164,21,1,627.13,3,2,3,323,Others
17165,32,1,158.68,3,2,1,321,Others
17171,37,1,224.91,2,2,2,222,Others
17175,44,1,519.08,2,2,3,223,Others
17179,109,1,243.0,1,2,2,122,Others
17180,64,1,247.54,2,2,2,222,Others
17181,122,1,155.52,1,2,1,121,Others
17188,64,3,1424.44,2,4,4,244,Others
17189,107,1,227.22,1,2,2,122,Others
17191,28,4,820.88,3,4,3,343,Others
17194,22,2,262.62,3,3,2,332,Others
17198,114,2,521.66,1,3,3,133,Others
17204,12,1,788.9100000000001,4,2,3,423,Others
17211,12,4,1125.53,4,4,4,444,Champions
17212,1,1,226.85,4,2,2,422,Others
17213,65,3,936.95,2,4,4,244,Others
17214,41,3,453.1,2,4,3,243,Others
17218,82,4,775.63,1,4,3,143,Others
17220,3,3,1055.25,4,4,4,444,Champions
17223,58,2,426.79,2,3,3,233,Others
17226,57,1,393.49,2,2,2,222,Others
17227,5,2,366.15,4,3,2,432,Others
17228,60,3,479.38,2,4,3,243,Others
17230,12,8,3638.41,4,4,4,444,Champions
17231,11,4,962.5,4,4,4,444,Champions
17235,121,1,341.9,1,2,2,122,Others
17236,48,3,445.37,2,4,3,243,Others
17238,4,6,997.52,4,4,4,444,Champions
17239,61,1,382.5,2,2,2,222,Others
17243,6,9,2376.55,4,4,4,444,Champions
17250,9,1,162.65,4,2,1,421,Others
17251,111,1,283.28000000000003,1,2,2,122,Others
17255,47,1,112.46,2,2,1,221,Others
17256,60,1,127.89999999999999,2,2,1,221,Others
17259,117,1,381.64,1,2,2,122,Others
17262,10,2,853.3600000000001,4,3,3,433,Others
17272,11,1,657.68,4,2,3,423,Others
17277,71,1,717.02,1,2,3,123,Others
17282,48,1,741.85,2,2,3,223,Others
17284,84,1,716.11,1,2,3,123,Others
17287,1,3,367.94,4,4,2,442,Others
17288,1,4,417.82,4,4,3,443,Others
17291,57,1,550.8000000000001,2,2,3,223,Others
17293,56,2,469.35,2,3,3,233,Others
17302,54,1,182.85,2,2,1,221,Others
17303,110,1,250.04,1,2,2,122,Others
17306,3,7,2743.96,4,4,4,444,Champions
17311,65,1,556.46,2,2,3,223,Others
17314,5,3,787.0,4,4,3,443,Others
17315,2,12,1810.92,4,4,4,444,Champions
17320,116,1,450.92,1,2,3,123,Others
17323,40,1,141.69,2,2,1,221,Others
17324,80,2,702.23,1,3,3,133,Others
17325,29,1,96.8,3,2,1,321,Others
17329,63,1,243.36,2,2,2,222,Others
17334,50,2,307.02,2,3,2,232,Others
17337,58,1,1026.72,2,2,4,224,Others
17338,39,3,2656.15,2,4,4,244,Others
17339,113,1,60.0,1,2,1,121,Others
17340,102,2,4360.39,1,3,4,134,Others
17341,115,1,513.6,1,2,3,123,Others
17343,103,1,193.64,1,2,1,121,Others
17346,47,3,353.41,2,4,2,242,Others
17348,46,1,160.15,2,2,1,221,Others
17351,21,1,198.6,3,2,1,321,Others
17356,60,1,178.22,2,2,1,221,Others
17358,51,2,365.85,2,3,2,232,Others
17361,40,1,45.0,2,2,1,221,Others
17362,58,1,150.0,2,2,1,221,Others
17364,3,3,1188.24,4,4,4,444,Champions
17365,2,3,1286.26,4,4,4,444,Champions
17368,8,3,888.92,4,4,3,443,Others
17371,109,1,97.63,1,2,1,121,Others
17372,65,3,533.1800000000001,2,4,3,243,Others
17373,61,1,145.25,2,2,1,221,Others
17374,30,1,191.95,3,2,1,321,Others
17375,60,2,286.37,2,3,2,232,Others
17376,60,1,105.85,2,3,1,231,Others
17377,4,7,1597.6200000000001,4,4,4,444,Champions
17381,26,10,9199.42,3,4,4,344,Others
17388,36,1,381.6,3,3,2,332,Others
17389,25,7,1004.4599999999999,3,4,4,344,Others
17392,55,2,457.91,2,3,3,233,Others
17396,120,1,397.5,1,3,2,132,Others
17398,4,1,305.68,4,3,2,432,Others
17400,1,3,1068.77,4,4,4,444,Champions
17402,78,3,571.87,1,4,3,143,Others
17404,19,5,11295.74,3,4,4,344,Others
17406,81,3,2200.42,1,4,4,144,Others
17411,10,1,285.58,4,3,2,432,Others
17412,51,3,589.12,2,4,3,243,Others
17416,30,1,2114.71,3,3,4,334,Others
17418,72,1,167.39000000000001,1,3,1,131,Others
17419,15,6,1688.3,3,4,4,344,Others
17420,122,1,130.85,1,3,1,131,Others
17422,44,1,321.25,2,3,2,232,Others
17426,30,1,1193.88,3,3,4,334,Others
17428,4,8,4065.34,4,4,4,444,Champions
17430,114,1,112.6,1,3,1,131,Others
17431,61,1,403.3,2,3,2,232,Others
17438,2,1,388.45000000000005,4,3,2,432,Others
17442,39,1,440.83,2,3,3,233,Others
17446,58,1,68.10000000000001,2,3,1,231,Others
17449,31,2,1022.6,3,3,4,334,Others
17450,8,8,34149.54,4,4,4,444,Champions
17454,48,2,298.1,2,3,2,232,Others
17456,113,1,249.86,1,3,2,132,Others
17457,1,3,1030.44,4,4,4,444,Champions
17460,16,4,342.68,3,4,2,342,Others
17462,32,1,463.40999999999997,3,3,3,333,Others
17463,61,1,709.51,2,3,3,233,Others
17470,116,1,178.4,1,3,1,131,Others
17472,36,2,451.02,3,3,3,333,Others
17486,10,1,396.87,4,3,2,432,Others
17491,9,3,1189.8600000000001,4,4,4,444,Champions
17496,107,1,271.05,1,3,2,132,Others
17499,38,1,622.88,2,3,3,233,Others
17504,16,3,1646.44,3,4,4,344,Others
17507,10,2,605.58,4,3,3,433,Others
17508,29,1,387.31,3,3,2,332,Others
17511,3,9,25595.44,4,4,4,444,Champions
17512,9,4,1093.02,4,4,4,444,Champions
17515,16,2,432.18,3,3,3,333,Others
17516,34,2,327.83,3,3,2,332,Others
17517,57,1,153.94,2,3,1,231,Others
17519,10,2,648.75,4,3,3,433,Others
17524,109,1,145.0,1,3,1,131,Others
17525,108,1,422.70000000000005,1,3,3,133,Others
17526,39,3,872.8,2,4,3,243,Others
17530,45,2,645.33,2,3,3,233,Others
17535,28,1,164.4,3,3,1,331,Others
17537,52,1,630.7,2,3,3,233,Others
17540,64,1,268.8,2,3,2,232,Others
17542,18,1,170.75,3,3,1,331,Others
17551,108,1,306.84,1,3,2,132,Others
17552,120,2,298.52,1,3,2,132,Others
17555,83,1,195.45,1,3,1,131,Others
17560,51,2,162.1,2,3,1,231,Others
17567,30,3,1478.18,3,4,4,344,Others
17569,81,1,344.14,1,3,2,132,Others
17571,26,2,359.95,3,3,2,332,Others
17572,122,1,70.80000000000001,1,3,1,131,Others
17576,10,7,937.11,4,4,4,444,Champions
17580,1,3,215.72,4,4,1,441,Others
17581,29,6,2064.98,3,4,4,344,Others
17585,11,2,521.53,4,3,3,433,Others
17591,15,4,1193.75,3,4,4,344,Others
17593,101,1,662.9,1,3,3,133,Others
17594,3,1,315.0,4,3,2,432,Others
17596,117,1,392.62,1,3,2,132,Others
17602,72,1,767.0500000000001,1,3,3,133,Others
17604,60,1,136.24,2,3,1,231,Others
17609,50,2,537.6899999999999,2,3,3,233,Others
17611,19,4,1434.44,3,4,4,344,Others
17612,46,1,305.46,2,3,2,232,Others
17613,1,4,1630.3700000000001,4,4,4,444,Champions
17616,3,2,408.0,4,3,2,432,Others
17618,110,1,320.28,1,3,2,132,Others
17619,61,1,218.52,2,3,1,231,Others
17621,61,2,901.78,2,3,4,234,Others
17625,6,1,549.68,4,3,3,433,Others
17629,108,1,238.65,1,3,2,132,Others
17634,26,2,1240.69,3,3,4,334,Others
17639,24,1,108.5,3,3,1,331,Others
17643,121,1,101.55,1,3,1,131,Others
17644,9,1,442.47,4,3,3,433,Others
17646,30,2,596.85,3,3,3,333,Others
17652,30,1,222.3,3,3,1,331,Others
17654,26,1,117.55,3,3,1,331,Others
17655,33,3,1296.7,3,4,4,344,Others
17659,47,3,474.95,2,4,3,243,Others
17663,36,1,371.39,3,3,2,332,Others
17667,47,1,928.05,2,3,4,234,Others
17671,113,1,394.18,1,3,2,132,Others
17672,58,1,1177.8400000000001,2,3,4,234,Others
17673,15,2,780.06,3,3,3,333,Others
17674,117,1,300.66,1,3,2,132,Others
17675,4,8,4809.29,4,4,4,444,Champions
17676,115,1,300.7,1,3,2,132,Others
17677,2,8,4137.65,4,4,4,444,Champions
17678,12,1,298.11,4,3,2,432,Others
17682,117,1,391.5,1,3,2,132,Others
17685,15,5,1512.72,3,4,4,344,Others
17686,51,1,1592.61,2,3,4,234,Others
17690,12,6,1678.05,4,4,4,444,Champions
17691,106,2,290.40000000000003,1,3,2,132,Others
17692,54,2,453.96,2,3,3,233,Others
17696,26,3,493.84000000000003,3,4,3,343,Others
17698,9,1,154.95,4,3,1,431,Others
17700,29,1,602.61,3,3,3,333,Others
17701,1,1,417.95,4,3,3,433,Others
17705,10,2,250.29999999999998,4,3,2,432,Others
17706,38,4,888.85,2,4,3,243,Others
17707,85,1,83.7,1,3,1,131,Others
17708,73,1,110.6,1,3,1,131,Others
17711,38,1,220.53000000000003,2,3,1,231,Others
17714,69,1,153.0,2,3,1,231,Others
17716,16,1,665.46,3,3,3,333,Others
17719,4,1,579.83,4,3,3,433,Others
17720,116,1,102.0,1,3,1,131,Others
17722,73,2,1743.58,1,3,4,134,Others
17725,15,1,337.71000000000004,3,3,2,332,Others
17730,23,3,1098.22,3,4,4,344,Others
17732,121,1,303.97,1,3,2,132,Others
17733,10,1,216.95000000000002,4,3,1,431,Others
17735,1,4,2548.54,4,4,4,444,Champions
17738,30,1,779.92,3,3,3,333,Others
17739,81,2,682.59,1,3,3,133,Others
17742,81,1,302.57,1,3,2,132,Others
17744,71,3,1008.4,1,4,4,144,Others
17749,5,1,369.01,4,3,2,432,Others
17752,107,1,80.64,1,3,1,131,Others
17754,9,1,264.24,4,3,2,432,Others
17757,2,11,1798.02,4,4,4,444,Champions
17760,121,1,172.54,1,3,1,131,Others
17763,11,1,15.0,4,3,1,431,Others
17765,5,1,121.25,4,3,1,431,Others
17769,27,2,884.76,3,3,3,333,Others
17770,24,2,864.77,3,3,3,333,Others
17771,72,1,115.8,1,3,1,131,Others
17774,54,1,219.98999999999998,2,3,1,231,Others
17775,3,1,56.4,4,3,1,431,Others
17781,1,1,102.0,4,3,1,431,Others
17786,65,1,114.85,2,3,1,231,Others
17787,53,3,1716.17,2,4,4,244,Others
17789,30,1,225.9,3,3,2,332,Others
17790,50,6,516.35,2,4,3,243,Others
17795,13,1,163.25,4,3,1,431,Others
17796,62,3,622.0,2,4,3,243,Others
17799,18,5,1275.47,3,4,4,344,Others
17800,22,2,239.7,3,3,2,332,Others
17802,121,1,100.2,1,3,1,131,Others
17809,50,4,1861.7,2,4,4,244,Others
17811,12,12,3155.48,4,4,4,444,Champions
17812,116,1,217.54999999999998,1,3,1,131,Others
17816,17,2,21.31,3,3,1,331,Others
17817,25,2,269.7,3,3,2,332,Others
17819,45,3,1836.12,2,4,4,244,Others
17827,113,3,1271.8,1,4,4,144,Others
17829,47,1,889.24,2,3,3,233,Others
17830,10,2,287.65000000000003,4,3,2,432,Others
17838,41,3,1687.7,2,4,4,244,Others
17841,2,31,6919.89,4,4,4,444,Champions
17843,51,1,205.48,2,3,1,231,Others
17848,58,3,213.91,2,4,1,241,Others
17849,12,3,496.55,4,4,3,443,Others
17850,120,34,5391.21,1,4,4,144,Others
17855,121,1,208.97,1,3,1,131,Others
17856,13,2,1067.93,4,3,4,434,Others
17857,15,4,2236.04,3,4,4,344,Others
17858,9,6,2619.7999999999997,4,4,4,444,Champions
17859,53,1,148.21,2,3,1,231,Others
17860,117,1,252.8,1,3,2,132,Others
17861,1,2,457.98,4,3,3,433,Others
17862,72,1,330.9,1,3,2,132,Others
17863,3,3,1371.9,4,4,4,444,Champions
17864,24,1,208.41,3,3,1,331,Others
17865,11,5,2729.57,4,4,4,444,Champions
17867,37,1,25.5,2,3,1,231,Others
17869,116,1,214.32,1,3,1,131,Others
17870,115,1,326.4,1,3,2,132,Others
17873,29,2,700.9300000000001,3,3,3,333,Others
17874,4,1,65.16000000000001,4,3,1,431,Others
17880,113,1,458.92,1,3,3,133,Others
17881,52,1,133.35000000000002,2,3,1,231,Others
17884,60,3,602.84,2,4,3,243,Others
17888,66,2,122.13,2,3,1,231,Others
17889,70,1,101.85,2,3,1,231,Others
17890,71,2,602.09,1,3,3,133,Others
17894,33,6,867.85,3,4,3,343,Others
17897,115,2,434.62,1,3,3,133,Others
17905,100,2,394.15,1,3,2,132,Others
17908,122,1,243.28,1,3,2,132,Others
17912,58,5,311.01,2,4,2,242,Others
17913,104,1,218.05,1,3,1,131,Others
17917,4,2,230.46,4,3,2,432,Others
17920,63,3,895.76,2,4,4,244,Others
17921,15,1,280.57,3,3,2,332,Others
17923,30,1,207.50000000000003,3,3,1,331,Others
17924,50,2,502.20000000000005,2,3,3,233,Others
17925,121,1,244.08,1,3,2,132,Others
17929,3,2,435.0,4,4,3,443,Others
17931,4,1,297.2,4,3,2,432,Others
17937,6,4,3327.48,4,4,4,444,Champions
17940,25,2,1226.88,3,4,4,344,Others
17946,7,1,17.549999999999997,4,3,1,431,Others
17949,22,6,4166.1,3,4,4,344,Others
17950,113,2,263.17,1,4,2,142,Others
17951,107,2,409.50000000000006,1,4,3,143,Others
17954,13,6,953.15,4,4,4,444,Champions
17961,14,12,675.25,3,4,3,343,Others
17964,121,1,261.76,1,3,2,132,Others
17965,1,6,1330.03,4,4,4,444,Champions
17966,9,1,147.0,4,3,1,431,Others
17967,120,1,123.07,1,3,1,131,Others
17968,122,1,277.35,1,3,2,132,Others
17969,109,1,125.2,1,3,1,131,Others
17975,20,5,1867.79,3,4,4,344,Others
17976,121,1,353.19,1,3,2,132,Others
17978,114,1,300.91999999999996,1,3,2,132,Others
17979,8,2,241.67,4,4,2,442,Others
17980,107,1,295.2,1,3,2,132,Others
17988,75,1,64.99000000000001,1,3,1,131,Others
17990,102,2,316.0,1,4,2,142,Others
17994,21,2,329.15,3,4,2,342,Others
17995,30,1,76.1,3,3,1,331,Others
17999,114,1,190.34,1,3,1,131,Others
18004,111,1,169.47,1,3,1,131,Others
18008,8,3,890.91,4,4,3,443,Others
18010,5,1,174.8,4,3,1,431,Others
18011,121,1,102.78999999999999,1,3,1,131,Others
18016,63,2,324.75,2,4,2,242,Others
18017,59,1,165.0,2,3,1,231,Others
18032,82,1,73.5,1,3,1,131,Others
18037,1,3,43.449999999999996,4,4,1,441,Others
18041,2,10,2132.95,4,4,4,444,Champions
18043,115,1,316.46,1,3,2,132,Others
18044,4,3,435.62,4,4,3,443,Others
18050,107,1,74.4,1,3,1,131,Others
18055,40,5,2394.03,2,4,4,244,Others
18056,36,1,363.65,3,3,2,332,Others
18061,39,3,817.33,2,4,3,243,Others
18062,86,1,169.8,1,3,1,131,Others
18065,37,3,750.0500000000001,2,4,3,243,Others
18068,37,1,101.69999999999999,2,3,1,231,Others
18069,75,1,297.66,1,3,2,132,Others
18071,6,2,453.0,4,4,3,443,Others
18074,122,1,489.6,1,3,3,133,Others
18075,10,5,1129.18,4,4,4,444,Champions
18077,67,3,711.46,2,4,3,243,Others
18078,7,1,197.94,4,3,1,431,Others
18085,78,2,689.95,1,4,3,143,Others
18086,23,1,101.34,3,3,1,331,Others
18087,39,1,3202.9199999999996,2,3,4,234,Others
18092,78,4,3111.84,1,4,4,144,Others
18093,46,2,1117.52,2,4,4,244,Others
18094,40,1,504.72,2,3,3,233,Others
18095,61,2,580.0500000000001,2,4,3,243,Others
18097,88,2,657.1800000000001,1,4,3,143,Others
18102,8,8,45279.41,4,4,4,444,Champions
18106,78,1,430.7,1,3,3,133,Others
18108,3,1,271.0,4,3,2,432,Others
18109,8,7,1493.3,4,4,4,444,Champions
18113,117,1,76.32000000000001,1,3,1,131,Others
18114,39,1,220.1,2,3,1,231,Others
18116,44,4,827.52,2,4,3,243,Others
18118,1,10,2428.77,4,4,4,444,Champions
18119,116,1,181.12,1,3,1,131,Others
18125,44,2,732.21,2,4,3,243,Others
18136,68,1,288.99,2,3,2,232,Others
18138,43,1,152.65,2,3,1,231,Others
18144,17,4,1023.45,3,4,4,344,Others
18145,61,1,609.01,2,3,3,233,Others
18149,22,1,227.77999999999997,3,3,2,332,Others
18151,38,1,312.55,2,3,2,232,Others
18155,40,1,113.93,2,3,1,231,Others
18156,118,1,206.23000000000002,1,3,1,131,Others
18159,49,1,530.15,2,3,3,233,Others
18161,1,2,546.3199999999999,4,4,3,443,Others
18168,16,4,863.12,3,4,3,343,Others
18171,82,1,240.45000000000002,1,3,2,132,Others
18172,1,3,2248.0,4,4,4,444,Champions
18173,23,1,853.48,3,3,3,333,Others
18176,106,1,476.35,1,3,3,133,Others
18177,4,1,169.05,4,3,1,431,Others
18178,58,2,633.95,2,4,3,243,Others
18179,1,4,1103.16,4,4,4,444,Champions
18183,23,1,312.8,3,3,2,332,Others
18188,38,1,426.6,2,3,3,233,Others
18189,16,1,633.1,3,3,3,333,Others
18190,79,1,171.46,1,3,1,131,Others
18191,10,1,207.79999999999998,4,3,1,431,Others
18196,38,1,450.78,2,3,3,233,Others
18198,3,5,1508.8100000000002,4,4,4,444,Champions
18202,60,1,485.73,2,3,3,233,Others
18210,15,1,142.4,3,3,1,331,Others
18211,27,1,137.9,3,3,1,331,Others
18212,74,1,248.42,1,3,2,132,Others
18218,30,1,309.38,3,3,2,332,Others
18219,45,3,484.37,2,4,3,243,Others
18223,1,6,2165.83,4,4,4,444,Champions
18224,12,1,158.95000000000002,4,3,1,431,Others
18225,11,4,1080.86,4,4,4,444,Champions
18226,4,2,845.35,4,4,3,443,Others
18229,13,5,1734.3,4,4,4,444,Champions
18230,1,2,851.0400000000001,4,4,3,443,Others
18231,17,2,524.75,3,4,3,343,Others
18233,74,1,440.0,1,3,3,133,Others
18239,8,4,1094.9,4,4,4,444,Champions
18245,61,2,804.91,2,4,3,243,Others
18250,59,1,349.27,2,3,2,232,Others
18257,39,2,363.8,2,4,2,242,Others
18259,115,1,376.30000000000007,1,3,2,132,Others
18260,18,3,1336.52,3,4,4,344,Others
18263,1,1,307.59999999999997,4,3,2,432,Others
18269,115,1,168.6,1,3,1,131,Others
18270,15,1,111.95,3,3,1,331,Others
18273,6,1,51.0,4,3,1,431,Others
18280,26,1,180.60000000000002,3,3,1,331,Others
18283,33,3,317.9,3,4,2,342,Others
